QuarterID,GameID,Number,Name,AwayScore,HomeScore
69614,19411,1,1,16,12
69615,19411,2,2,25,25
69616,19411,3,3,28,27
69617,19411,4,4,27,23
69618,18163,1,1,18,16
69619,18163,2,2,27,32
69620,18163,3,3,21,28
69621,18163,4,4,41,26
69622,18175,1,1,25,26
69623,18175,2,2,31,28
69624,18175,3,3,29,20
69625,18175,4,4,10,30
69626,18149,1,1,24,29
69627,18149,2,2,22,39
69628,18149,3,3,31,39
69629,18149,4,4,16,27
69630,18150,1,1,22,22
69631,18150,2,2,27,28
69632,18144,1,1,17,30
69633,18150,3,3,15,32
69634,18144,2,2,20,32
69635,18150,4,4,18,32
69636,18144,3,3,30,35
69637,18144,4,4,29,37
69638,18120,1,1,42,26
69639,19407,1,1,21,25
69640,18120,2,2,23,36
69641,19407,2,2,21,31
69642,18120,3,3,36,24
69643,19408,1,1,30,21
69644,18120,4,4,26,22
69645,19407,3,3,27,30
69646,19408,2,2,21,31
69647,19407,4,4,28,23
69648,19408,3,3,39,30
69649,18136,1,1,21,27
69650,18121,1,1,22,27
69651,19408,4,4,22,19
69652,18121,2,2,22,25
69653,18136,2,2,20,19
69654,18121,3,3,34,19
69655,18136,3,3,35,13
69656,18136,4,4,29,16
69657,18121,4,4,19,31
69658,18170,1,1,22,23
69659,18170,2,2,31,42
69660,18122,1,1,26,24
69661,18122,2,2,38,28
69662,18170,3,3,21,33
69663,18170,4,4,22,19
69664,18122,3,3,29,31
69665,18122,4,4,28,28
69666,18123,1,1,40,25
69667,18123,2,2,30,28
69668,18124,1,1,21,27
69669,18124,2,2,33,27
69670,18123,3,3,34,39
69671,18124,3,3,28,22
69672,18123,4,4,25,33
69673,18124,4,4,36,25
69674,18161,1,1,33,28
69675,18158,1,1,27,17
69676,18158,2,2,32,26
69677,18158,3,3,36,25
69678,18158,4,4,27,29
69679,18161,2,2,31,32
69680,18161,3,3,26,30
69681,18161,4,4,22,23
69682,18151,1,1,22,27
69683,18151,2,2,24,35
69684,18151,3,3,26,28
69685,18151,4,4,38,20
69686,19413,1,1,28,26
69687,19413,2,2,25,26
69688,19413,3,3,20,23
69689,19413,4,4,25,21
69690,18151,5,OT,15,9
69691,18137,1,1,28,35
69692,18137,2,2,34,34
69693,18137,3,3,29,26
69694,18137,4,4,28,20
69696,19414,1,1,33,32
69697,19414,2,2,34,39
69698,19414,3,3,27,30
69699,19414,4,4,19,22
69700,18125,1,1,25,18
69701,18125,2,2,36,25
69702,18125,3,3,22,14
69703,18125,4,4,26,23
69704,18145,1,1,19,33
69705,18145,2,2,30,19
69706,18145,3,3,27,31
69707,18145,4,4,26,16
69708,18126,1,1,24,27
69709,18126,2,2,28,16
69710,18126,3,3,36,21
69711,18126,4,4,26,35
69712,18152,1,1,22,35
69713,18152,2,2,35,27
69714,18152,3,3,36,22
69715,18152,4,4,19,19
69716,18171,1,1,31,26
69717,18171,2,2,23,46
69718,18171,3,3,34,31
69719,18171,4,4,26,28
69720,18155,1,1,25,26
69721,18127,1,1,26,27
69722,18127,2,2,37,45
69723,18127,3,3,25,33
69724,18127,4,4,25,26
69725,19409,1,1,21,29
69726,18155,2,2,26,33
69727,18155,3,3,27,25
69728,18155,4,4,23,23
69729,18156,1,1,29,28
69730,18156,2,2,27,37
69731,18156,3,3,23,27
69732,18156,4,4,21,24
69733,19409,2,2,34,28
69734,19409,3,3,28,21
69735,19409,4,4,28,30
69736,19415,1,1,15,33
69737,19415,2,2,40,27
69738,19415,3,3,28,24
69739,19415,4,4,27,21
69740,18165,1,1,24,25
69741,18165,2,2,39,30
69742,18165,3,3,33,20
69743,18165,4,4,22,34
69744,18129,1,1,27,38
69745,18129,2,2,20,19
69746,18129,3,3,30,23
69747,18129,4,4,38,18
69748,18146,1,1,28,24
69749,18146,2,2,22,20
69750,18146,3,3,37,22
69751,18146,4,4,24,31
69752,18138,1,1,35,33
69753,18138,2,2,25,19
69754,18138,3,3,29,39
69755,18138,4,4,35,30
69756,18130,1,1,19,31
69757,18130,2,2,34,39
69758,18130,3,3,24,28
69759,18130,4,4,17,28
69760,18128,1,1,24,34
69761,18128,2,2,29,28
69762,18128,3,3,38,31
69763,18128,4,4,28,24
69764,18159,1,1,36,23
69765,18159,2,2,25,35
69766,18159,3,3,20,31
69767,18159,4,4,35,18
69768,18162,1,1,33,20
69769,18162,2,2,28,30
69770,18162,3,3,25,25
69771,18162,4,4,27,22
69772,18139,1,1,37,26
69773,18139,2,2,26,38
69774,18139,3,3,27,33
69775,18139,4,4,20,21
69776,19410,1,1,35,30
69777,19410,2,2,24,24
69778,19410,3,3,22,24
69779,19410,4,4,24,29
69780,18140,1,1,17,31
69781,19416,1,1,28,32
69782,19416,2,2,26,25
69783,19416,3,3,28,17
69784,19416,4,4,33,25
69785,18140,2,2,30,23
69786,18140,3,3,24,23
69787,18140,4,4,34,32
69788,18131,1,1,22,29
69789,18131,2,2,37,32
69790,18131,3,3,20,28
69791,18131,4,4,25,38
69792,18147,1,1,39,26
69793,18147,2,2,24,21
69794,18147,3,3,30,26
69795,18147,4,4,18,31
69796,18132,1,1,34,35
69797,18132,2,2,22,33
69798,18132,3,3,15,35
69799,18132,4,4,27,28
69800,18160,1,1,27,27
69801,18160,2,2,29,21
69802,18160,3,3,12,22
69803,18160,4,4,26,29
69804,18167,1,1,24,19
69805,18167,2,2,17,32
69806,18167,3,3,31,24
69807,18167,4,4,27,30
69808,18172,1,1,33,23
69809,18172,2,2,21,25
69810,18172,3,3,25,29
69811,18172,4,4,21,32
69812,18141,1,1,31,37
69813,18133,1,1,33,25
69814,18141,2,2,31,33
69815,18141,3,3,21,30
69816,18141,4,4,20,20
69817,18133,2,2,26,26
69818,18133,3,3,33,24
69819,18133,4,4,15,22
69820,18166,1,1,24,32
69821,18166,2,2,30,25
69822,18166,3,3,29,19
69823,18166,4,4,22,28
69824,18134,1,1,30,30
69825,18134,2,2,32,24
69826,18134,3,3,25,26
69827,18134,4,4,31,33
69828,19406,1,1,37,29
69829,19406,2,2,37,37
69830,19406,3,3,26,34
69831,19406,4,4,26,15
69832,19417,1,1,31,17
69833,19417,2,2,29,36
69834,19417,3,3,35,35
69835,19417,4,4,31,23
69836,18148,1,1,26,31
69837,18148,2,2,36,31
69838,18148,3,3,27,29
69839,18148,4,4,29,21
69840,18168,1,1,39,29
69841,18168,2,2,42,31
69842,18168,3,3,22,32
69843,18168,4,4,19,22
69844,18142,1,1,25,26
69845,18142,2,2,30,26
69846,18142,3,3,25,30
69847,18142,4,4,28,32
69848,18153,1,1,36,35
69849,18153,2,2,30,28
69850,18153,3,3,32,35
69851,18153,4,4,29,29
69852,18173,1,1,19,30
69853,18173,2,2,23,22
69854,18173,3,3,30,31
69855,18173,4,4,17,22
69856,18135,1,1,28,22
69857,18135,2,2,37,27
69858,18135,3,3,22,27
69859,18135,4,4,25,26
69860,18157,1,1,24,40
69861,18157,2,2,43,24
69862,18157,3,3,25,29
69863,18157,4,4,19,27
69864,18154,1,1,27,26
69865,18154,2,2,27,27
69866,18154,3,3,28,26
69867,18154,4,4,33,22
69869,18153,5,OT,7,10
69870,18169,1,1,32,28
69871,18169,2,2,24,36
69872,18169,3,3,42,20
69873,18169,4,4,21,28
69874,18143,1,1,23,36
69875,18143,2,2,21,29
69876,18143,3,3,18,30
69877,18143,4,4,24,38
69878,18153,6,OT2,0,0
69879,18153,7,OT3,0,0
69880,18153,8,OT4,0,0
69881,18153,9,OT5,0,0
69882,18135,5,OT,0,0
69883,18153,10,OT6,0,0
69884,18153,11,OT7,0,0
69885,18153,12,OT8,0,0
69886,18153,13,OT9,0,0
69887,18153,14,OT10,0,0
69888,18157,5,OT,0,0
69889,18157,6,OT2,0,0
69890,18153,15,OT11,0,0
69891,18135,6,OT2,0,0
69892,18157,7,OT3,0,0
69893,18157,8,OT4,0,0
69894,18153,16,OT12,0,0
69895,18153,17,OT13,0,0
69896,18153,18,OT14,0,0
69897,18153,19,OT15,0,0
69898,18153,20,OT16,0,0
69899,18153,21,OT17,0,0
69900,18153,22,OT18,0,0
69901,18153,23,OT19,0,0
69902,18153,24,OT20,0,0
69903,18153,25,OT21,0,0
69904,18153,26,OT22,0,0
69905,18153,27,OT23,0,0
69906,18153,28,OT24,0,0
69907,18153,29,OT25,0,0
69908,18153,30,OT26,0,0
69909,18153,31,OT27,0,0
69910,18153,32,OT28,0,0
69911,18153,33,OT29,0,0
69912,18153,34,OT30,0,0
69913,18153,35,OT31,0,0
69914,18153,36,OT32,0,0
69915,18154,5,OT,0,0
69916,18154,6,OT2,0,0
69917,18154,7,OT3,0,0
69918,18153,37,OT33,0,0
69919,18153,38,OT34,0,0
69920,18153,39,OT35,0,0
69921,18153,40,OT36,0,0
69922,18153,41,OT37,0,0
69923,18154,8,OT4,0,0
69924,18176,1,1,29,24
69925,18176,2,2,34,39
69926,18176,3,3,25,35
69927,18176,4,4,29,28
69928,18177,1,1,22,25
69929,18177,2,2,30,34
69930,18177,3,3,19,32
69931,18177,4,4,38,32
69932,18179,1,1,36,25
69933,18179,2,2,24,27
69934,18179,3,3,27,25
69935,18179,4,4,27,30
69936,18178,1,1,28,17
69937,18178,2,2,27,40
69938,18178,3,3,28,34
69939,18178,4,4,26,22
69940,18180,1,1,20,26
69941,18180,2,2,30,33
69942,18180,3,3,30,25
69943,18180,4,4,27,33
69944,18182,1,1,32,14
69945,18183,1,1,22,28
69946,18182,2,2,26,36
69947,18182,3,3,40,28
69948,18182,4,4,32,30
69949,18183,2,2,35,23
69950,18183,3,3,27,25
69951,18183,4,4,21,32
69952,18184,1,1,23,25
69953,18184,2,2,23,36
69954,18184,3,3,33,24
69955,18184,4,4,29,23
69956,18181,1,1,28,33
69957,18181,2,2,31,26
69958,18181,3,3,37,27
69959,18181,4,4,20,22
69960,18186,1,1,38,22
69961,18186,2,2,30,25
69962,18186,3,3,30,28
69963,18186,4,4,31,27
69964,18185,1,1,22,35
69965,18185,2,2,30,30
69966,18185,3,3,35,22
69967,18185,4,4,21,28
69968,18187,1,1,30,37
69969,18187,2,2,23,38
69970,18187,3,3,27,19
69971,18187,4,4,22,29
69972,18184,5,OT,4,7
69973,18188,1,1,32,24
69974,18188,2,2,30,21
69975,18188,3,3,19,31
69976,18188,4,4,24,31
69977,18189,1,1,32,23
69978,18189,2,2,19,32
69979,18189,3,3,33,29
69980,18189,4,4,31,24
69981,18190,1,1,30,24
69982,18190,2,2,17,21
69983,18190,3,3,26,18
69984,18190,4,4,17,25
69985,18191,1,1,35,23
69986,18191,2,2,21,33
69987,18191,3,3,29,21
69988,18191,4,4,18,20
69989,18192,1,1,36,26
69990,18192,2,2,34,29
69991,18192,3,3,32,30
69992,18192,4,4,35,49
69993,18194,1,1,35,24
69994,18194,2,2,26,27
69995,18194,3,3,32,34
69996,18194,4,4,31,27
69997,18193,1,1,30,26
69998,18193,2,2,20,30
69999,18193,3,3,24,21
70000,18193,4,4,26,25
70001,18195,1,1,27,19
70002,18195,2,2,27,31
70003,18195,3,3,27,30
70004,18195,4,4,17,28
70005,18197,1,1,24,28
70006,18197,2,2,28,21
70007,18197,3,3,27,29
70008,18197,4,4,26,31
70009,18198,1,1,20,30
70010,18198,2,2,32,42
70011,18198,3,3,29,31
70012,18198,4,4,25,27
70013,18196,1,1,30,22
70014,18196,2,2,29,29
70015,18196,3,3,30,26
70016,18196,4,4,22,27
70017,18200,1,1,26,41
70018,18200,2,2,29,23
70019,18200,3,3,33,23
70020,18200,4,4,32,33
70021,18199,1,1,26,32
70022,18199,2,2,36,38
70023,18199,3,3,33,30
70024,18199,4,4,34,22
70025,18201,1,1,40,34
70026,18201,2,2,30,18
70027,18201,3,3,28,36
70028,18201,4,4,30,35
70029,18202,1,1,28,25
70030,18202,2,2,25,22
70031,18202,3,3,26,28
70032,18202,4,4,23,27
70033,18200,5,OT,12,6
70034,18202,5,OT,9,11
70035,18203,1,1,19,25
70036,18203,2,2,35,26
70037,18203,3,3,31,26
70038,18203,4,4,29,28
70039,18204,1,1,35,25
70040,18204,2,2,21,27
70041,18204,3,3,23,36
70042,18204,4,4,36,36
70043,18205,1,1,36,33
70044,18205,2,2,32,35
70045,18205,3,3,31,26
70046,18205,4,4,27,26
70047,18207,1,1,33,38
70048,18207,2,2,17,33
70049,18207,3,3,33,21
70050,18207,4,4,26,20
70051,18206,1,1,34,25
70052,18206,2,2,36,29
70053,18206,3,3,23,25
70054,18206,4,4,35,17
70055,18208,1,1,23,41
70056,18208,2,2,25,26
70057,18208,3,3,31,31
70058,18208,4,4,26,27
70059,18209,1,1,17,39
70060,18209,2,2,19,25
70061,18209,3,3,35,35
70062,18209,4,4,25,38
70063,18210,1,1,29,28
70064,18210,2,2,26,27
70065,18210,3,3,30,33
70066,18210,4,4,32,34
70067,18211,1,1,29,26
70068,18211,2,2,23,29
70069,18211,3,3,34,25
70070,18211,4,4,25,29
70071,18212,1,1,32,24
70072,18212,2,2,23,24
70073,18212,3,3,23,35
70074,18212,4,4,28,21
70075,18213,1,1,22,30
70076,18213,2,2,37,25
70077,18213,3,3,45,29
70078,18213,4,4,22,25
70079,18215,1,1,31,30
70080,18214,1,1,26,24
70081,18215,2,2,20,27
70082,18215,3,3,25,26
70083,18215,4,4,27,20
70084,18214,2,2,37,29
70085,18214,3,3,30,31
70086,18214,4,4,17,26
70087,18216,1,1,31,18
70088,18216,2,2,22,26
70089,18216,3,3,29,30
70090,18216,4,4,34,32
70091,18217,1,1,36,39
70092,18217,2,2,35,50
70093,18217,3,3,23,24
70094,18217,4,4,31,17
70095,18215,5,OT,4,14
70096,18214,5,OT,12,11
70097,18218,1,1,33,18
70098,18218,2,2,28,23
70099,18218,3,3,25,31
70100,18218,4,4,26,23
70101,18219,1,1,23,33
70102,18219,2,2,23,31
70103,18219,3,3,30,26
70104,18219,4,4,30,30
70105,18220,1,1,27,23
70106,18220,2,2,21,20
70107,18220,3,3,23,33
70108,18220,4,4,27,14
70109,18221,1,1,28,34
70110,18221,2,2,31,31
70111,18221,3,3,23,31
70112,18221,4,4,20,19
70113,18224,1,1,39,28
70114,18222,1,1,39,30
70115,18225,1,1,34,39
70116,18224,2,2,28,29
70117,18224,3,3,36,14
70118,18224,4,4,12,35
70119,18222,2,2,15,35
70120,18222,3,3,25,35
70121,18222,4,4,23,20
70122,18225,2,2,35,25
70123,18225,3,3,28,45
70124,18225,4,4,27,25
70125,18223,1,1,18,21
70126,18223,2,2,27,30
70127,18223,3,3,28,26
70128,18223,4,4,35,37
70129,19400,1,1,31,23
70130,19400,2,2,30,32
70131,19400,3,3,25,44
70132,19400,4,4,24,36
70133,18226,1,1,25,28
70134,18226,2,2,24,28
70135,18226,3,3,26,29
70136,18226,4,4,24,35
70137,18227,1,1,31,40
70138,18227,2,2,33,26
70139,18227,3,3,25,21
70140,18227,4,4,22,26
70141,18228,1,1,18,23
70142,18228,2,2,25,26
70143,18228,3,3,25,35
70144,18228,4,4,26,24
70145,18229,1,1,29,37
70146,18229,2,2,37,35
70147,18229,3,3,20,33
70148,18229,4,4,19,29
70149,18231,1,1,36,32
70150,18231,2,2,26,29
70151,18231,3,3,27,28
70152,18231,4,4,29,24
70153,18230,1,1,24,30
70154,18230,2,2,26,24
70155,18230,3,3,19,19
70156,18230,4,4,23,30
70157,18234,1,1,27,35
70158,18233,1,1,30,32
70159,18233,2,2,32,37
70160,18233,3,3,28,29
70161,18233,4,4,32,24
70162,18234,2,2,26,28
70163,18234,3,3,26,26
70164,18234,4,4,30,30
70165,18232,1,1,20,25
70166,18232,2,2,35,18
70167,18232,3,3,21,35
70168,18232,4,4,23,32
70169,18235,1,1,27,38
70170,18236,1,1,28,39
70171,18235,2,2,30,38
70172,18235,3,3,36,27
70173,18235,4,4,16,21
70174,18236,2,2,25,29
70175,18236,3,3,41,34
70176,18236,4,4,28,32
70177,18237,1,1,21,22
70178,18237,2,2,28,39
70179,18237,3,3,26,28
70180,18237,4,4,26,20
70181,18233,5,OT,9,12
70182,19402,1,1,28,31
70183,19402,2,2,33,25
70184,19402,3,3,33,25
70185,19402,4,4,25,17
70186,19401,1,1,22,26
70187,19401,2,2,32,28
70188,19401,3,3,17,32
70189,19401,4,4,28,24
70190,18238,1,1,30,23
70191,18238,2,2,31,36
70192,18238,3,3,29,25
70193,18238,4,4,22,28
70194,18239,1,1,24,34
70195,18239,2,2,36,19
70196,18239,3,3,27,36
70197,18239,4,4,23,29
70198,18238,5,OT,17,13
70199,18241,1,1,32,28
70200,18240,1,1,30,31
70201,18240,2,2,29,32
70202,18240,3,3,28,29
70203,18240,4,4,23,31
70204,18241,2,2,31,28
70205,18241,3,3,31,27
70206,18241,4,4,31,27
70207,18243,1,1,19,22
70208,18243,2,2,11,29
70209,18243,3,3,23,31
70210,18243,4,4,40,31
70211,18242,1,1,35,29
70212,18242,2,2,34,38
70213,18242,3,3,37,27
70214,18242,4,4,30,18
70215,18244,1,1,33,34
70216,18244,2,2,29,41
70217,18244,3,3,33,24
70218,18244,4,4,19,15
70219,18246,1,1,28,26
70220,18246,2,2,37,22
70221,18246,3,3,16,22
70222,18246,4,4,31,20
70223,18245,1,1,36,28
70224,18245,2,2,39,32
70225,18245,3,3,26,30
70226,18245,4,4,26,27
70227,18248,1,1,25,28
70228,18248,2,2,27,24
70229,18248,3,3,23,26
70230,18248,4,4,27,33
70231,18247,1,1,24,26
70232,18247,2,2,29,33
70233,18247,3,3,32,37
70234,18247,4,4,23,23
70235,19403,1,1,29,36
70236,19403,2,2,31,26
70237,19403,3,3,34,32
70238,19403,4,4,30,35
70239,18249,1,1,25,35
70240,18249,2,2,25,28
70241,18249,3,3,28,26
70242,18249,4,4,23,28
70243,18244,5,OT,18,9
70244,19405,1,1,23,32
70245,19405,2,2,35,37
70246,19405,3,3,24,27
70247,19405,4,4,29,29
70248,19404,1,1,27,21
70249,19404,2,2,25,36
70250,19404,3,3,31,36
70251,19404,4,4,28,31
70252,18250,1,1,23,32
70253,18250,2,2,26,39
70254,18250,3,3,33,19
70255,18250,4,4,31,29
70256,18251,1,1,23,34
70257,18251,2,2,27,28
70258,18251,3,3,33,18
70259,18251,4,4,24,27
70260,18252,1,1,26,26
70261,18252,2,2,37,36
70262,18252,3,3,29,28
70263,18252,4,4,33,26
70264,18254,1,1,30,32
70265,18253,1,1,37,22
70266,18253,2,2,27,34
70267,18253,3,3,26,31
70268,18253,4,4,24,22
70269,18254,2,2,21,27
70270,18254,3,3,33,32
70271,18254,4,4,31,32
70272,18256,1,1,30,24
70273,18255,1,1,27,25
70274,18255,2,2,19,26
70275,18255,3,3,26,20
70276,18255,4,4,27,28
70277,18256,2,2,24,38
70278,18256,3,3,37,33
70279,18256,4,4,32,29
70280,18251,5,OT,6,13
70281,18255,5,OT,18,12
70282,18257,1,1,18,25
70283,18257,2,2,34,27
70284,18257,3,3,26,15
70285,18257,4,4,34,24
70286,18258,1,1,15,34
70287,18258,2,2,32,24
70288,18258,3,3,21,29
70289,18258,4,4,26,25
70290,18259,1,1,30,35
70291,18260,1,1,37,29
70292,18259,2,2,29,27
70293,18259,3,3,34,22
70294,18259,4,4,15,37
70295,18260,2,2,18,34
70296,18260,3,3,36,37
70297,18260,4,4,23,28
70298,18261,1,1,23,26
70299,18261,2,2,24,31
70300,18261,3,3,23,28
70301,18261,4,4,28,22
70302,18262,1,1,34,29
70303,18262,2,2,26,31
70304,18262,3,3,23,28
70305,18262,4,4,22,26
70306,18263,1,1,24,29
70307,18263,2,2,32,36
70308,18263,3,3,30,25
70309,18263,4,4,23,34
70310,18264,1,1,31,26
70311,18264,2,2,20,29
70312,18264,3,3,34,38
70313,18264,4,4,25,28
70314,18266,1,1,24,34
70315,18266,2,2,28,33
70316,18266,3,3,37,18
70317,18266,4,4,26,23
70318,18265,1,1,30,28
70319,18265,2,2,22,24
70320,18265,3,3,34,21
70321,18265,4,4,32,38
70322,18267,1,1,18,33
70323,18267,2,2,36,28
70324,18267,3,3,31,31
70325,18267,4,4,24,24
70326,18268,1,1,28,34
70327,18268,2,2,25,30
70328,18268,3,3,27,31
70329,18268,4,4,29,44
70330,18269,1,1,23,34
70331,18269,2,2,29,26
70332,18269,3,3,25,28
70333,18269,4,4,31,22
70334,18270,1,1,26,23
70335,18270,2,2,18,38
70336,18270,3,3,30,36
70337,18270,4,4,31,24
70338,18271,1,1,23,30
70339,18271,2,2,29,21
70340,18271,3,3,24,22
70341,18271,4,4,17,22
70342,18273,1,1,25,27
70343,18273,2,2,27,31
70344,18273,3,3,25,22
70345,18273,4,4,31,19
70346,18272,1,1,24,33
70347,18272,2,2,32,25
70348,18272,3,3,38,28
70349,18272,4,4,15,30
70350,18274,1,1,32,33
70351,18274,2,2,34,30
70352,18274,3,3,22,22
70353,18274,4,4,20,31
70354,18275,1,1,20,24
70355,18275,2,2,27,30
70356,18275,3,3,26,30
70357,18275,4,4,34,32
70358,18277,1,1,31,25
70359,18277,2,2,26,26
70360,18277,3,3,34,39
70361,18277,4,4,30,21
70362,18276,1,1,27,35
70363,18276,2,2,29,15
70364,18280,1,1,21,32
70365,18280,2,2,36,33
70366,18280,3,3,32,10
70367,18276,3,3,20,33
70368,18276,4,4,31,24
70369,18279,3,3,25,24
70370,18279,1,1,32,33
70371,18279,2,2,19,20
70372,18279,4,4,31,33
70373,18280,4,4,23,24
70374,18278,1,1,26,27
70375,18278,2,2,26,34
70376,18278,3,3,18,23
70377,18278,4,4,18,22
70378,18281,1,1,34,24
70379,18281,2,2,22,29
70380,18282,1,1,26,31
70381,18282,2,2,21,25
70382,18281,3,3,30,26
70383,18281,4,4,23,22
70384,18282,3,3,21,29
70385,18282,4,4,23,31
70386,18283,1,1,32,31
70387,18283,2,2,32,18
70388,18283,3,3,40,21
70389,18283,4,4,39,30
70390,18284,1,1,35,23
70391,18284,2,2,15,24
70392,18284,3,3,28,27
70393,18284,4,4,22,29
70394,18276,5,OT,6,7
70395,18285,1,1,30,23
70396,18285,2,2,22,22
70397,18285,3,3,26,27
70398,18285,4,4,33,34
70399,18286,1,1,27,23
70400,18286,2,2,17,33
70401,18286,3,3,35,26
70402,18286,4,4,32,29
70403,18286,5,OT,6,9
70404,18287,1,1,30,30
70405,18287,2,2,35,23
70406,18287,3,3,33,43
70407,18287,4,4,31,34
70408,18288,1,1,42,29
70409,18288,2,2,29,28
70410,18288,3,3,22,38
70411,18288,4,4,29,15
70412,18290,1,1,29,28
70413,18291,1,1,21,22
70414,18289,1,1,24,21
70415,18290,2,2,21,34
70416,18290,3,3,27,18
70417,18290,4,4,22,21
70418,18291,2,2,37,31
70419,18291,3,3,16,30
70420,18291,4,4,32,21
70421,18289,2,2,33,18
70422,18289,3,3,33,29
70423,18289,4,4,22,20
70424,18292,1,1,38,28
70425,18292,2,2,31,29
70426,18292,3,3,27,13
70427,18292,4,4,32,16
70428,18293,1,1,31,26
70429,18293,2,2,26,37
70430,18293,3,3,30,30
70431,18293,4,4,32,30
70432,18294,1,1,28,18
70433,18294,2,2,26,40
70434,18294,3,3,28,28
70435,18294,4,4,31,20
70436,18295,1,1,24,41
70437,18295,2,2,23,30
70438,18295,3,3,22,33
70439,18295,4,4,30,26
70440,18297,1,1,29,31
70441,18297,2,2,28,31
70442,18297,3,3,24,34
70443,18297,4,4,29,15
70444,18296,1,1,27,26
70445,18296,2,2,27,35
70446,18296,3,3,25,27
70447,18296,4,4,26,26
70448,18299,1,1,25,28
70449,18299,2,2,34,21
70450,18299,3,3,27,31
70451,18299,4,4,22,26
70452,18298,1,1,34,26
70453,18298,2,2,27,28
70454,18298,3,3,34,30
70455,18298,4,4,20,18
70456,18300,1,1,40,34
70457,18300,2,2,35,28
70458,18300,3,3,25,33
70459,18300,4,4,30,21
70460,18301,1,1,25,33
70461,18301,2,2,22,32
70462,18301,3,3,36,12
70463,18301,4,4,23,29
70464,18302,1,1,30,21
70465,18302,2,2,22,23
70466,18302,3,3,17,26
70467,18302,4,4,29,24
70468,18301,5,OT,20,17
70469,18303,1,1,28,29
70470,18303,2,2,24,31
70471,18303,3,3,33,28
70472,18303,4,4,24,21
70473,18304,1,1,32,29
70474,18304,2,2,35,37
70475,18304,3,3,34,30
70476,18304,4,4,32,22
70477,18305,1,1,34,34
70478,18306,1,1,34,40
70479,18305,2,2,19,33
70480,18305,3,3,25,26
70481,18305,4,4,16,15
70482,18306,2,2,15,28
70483,18306,3,3,34,35
70484,18306,4,4,34,26
70485,18307,1,1,27,40
70486,18307,2,2,24,30
70487,18307,3,3,25,29
70488,18307,4,4,25,27
70489,18303,5,OT,12,15
70490,18308,1,1,26,35
70491,18308,2,2,14,26
70492,18308,3,3,21,23
70493,18308,4,4,21,18
70494,18302,5,OT,0,0
70495,18309,1,1,30,36
70496,18309,2,2,28,28
70497,18309,3,3,29,16
70498,18309,4,4,27,20
70499,18310,1,1,30,21
70500,18310,2,2,19,34
70501,18310,3,3,33,28
70502,18310,4,4,22,30
70503,18311,1,1,25,24
70504,18311,2,2,18,33
70505,18311,3,3,31,24
70506,18311,4,4,23,22
70507,18312,1,1,29,29
70508,18312,2,2,34,27
70509,18312,3,3,21,29
70510,18312,4,4,26,17
70511,18313,1,1,26,18
70512,18313,2,2,20,30
70513,18313,3,3,30,24
70514,18313,4,4,32,28
70515,18314,1,1,33,30
70516,18314,2,2,38,35
70517,18314,3,3,29,23
70518,18314,4,4,34,39
70519,18315,1,1,33,28
70520,18315,2,2,30,20
70521,18315,3,3,22,36
70522,18315,4,4,18,28
70523,18316,1,1,30,32
70524,18316,2,2,25,26
70525,18316,3,3,36,42
70526,18316,4,4,31,29
70527,18317,1,1,20,33
70528,18317,2,2,27,23
70529,18317,3,3,23,19
70530,18317,4,4,18,25
70531,18318,1,1,36,25
70532,18318,2,2,22,27
70533,18318,3,3,22,37
70534,18318,4,4,18,28
70535,18319,1,1,28,28
70536,18319,2,2,25,32
70537,18319,3,3,20,21
70538,18319,4,4,37,26
70539,18320,1,1,27,30
70540,18320,2,2,26,28
70541,18320,3,3,17,28
70542,18320,4,4,27,25
70543,18321,1,1,28,34
70544,18321,2,2,37,20
70545,18321,3,3,19,31
70546,18321,4,4,25,21
70547,18322,1,1,38,29
70548,18322,2,2,38,23
70549,18322,3,3,27,28
70550,18322,4,4,17,27
70551,18323,1,1,28,28
70552,18323,2,2,37,34
70553,18323,3,3,29,27
70554,18323,4,4,21,20
70555,18324,1,1,34,29
70556,18324,2,2,16,24
70557,18324,3,3,23,19
70558,18324,4,4,21,24
70559,18325,1,1,31,29
70560,18325,2,2,36,26
70561,18325,3,3,21,24
70562,18325,4,4,25,37
70563,18326,1,1,34,42
70564,18326,2,2,37,34
70565,18326,3,3,27,39
70566,18326,4,4,18,24
70567,18327,1,1,37,31
70568,18327,2,2,27,33
70569,18327,3,3,23,24
70570,18327,4,4,30,31
70571,18329,1,1,28,24
70572,18329,2,2,26,26
70573,18329,3,3,20,23
70574,18329,4,4,13,21
70575,18330,1,1,25,30
70576,18330,2,2,33,23
70577,18330,3,3,28,26
70578,18330,4,4,19,16
70579,18328,1,1,35,27
70580,18328,2,2,21,43
70581,18328,3,3,33,25
70582,18328,4,4,33,24
70583,18331,1,1,26,22
70584,18331,2,2,37,32
70585,18331,3,3,22,36
70586,18331,4,4,40,29
70587,18332,1,1,21,29
70588,18332,2,2,28,34
70589,18332,3,3,30,32
70590,18332,4,4,33,33
70591,18334,1,1,37,29
70592,18334,2,2,17,28
70593,18334,3,3,28,29
70594,18334,4,4,27,30
70595,18333,1,1,22,38
70596,18333,2,2,22,31
70597,18333,3,3,27,23
70598,18333,4,4,14,20
70599,18339,1,1,38,32
70600,18335,1,1,22,22
70601,18339,2,2,28,27
70602,18339,3,3,23,35
70603,18339,4,4,23,18
70604,18337,1,1,27,27
70605,18337,2,2,28,28
70606,18337,3,3,29,32
70607,18337,4,4,35,32
70608,18335,2,2,30,28
70609,18335,3,3,27,32
70610,18335,4,4,36,29
70611,18336,1,1,39,25
70612,18336,2,2,30,26
70613,18336,3,3,35,31
70614,18336,4,4,25,35
70615,18340,1,1,29,34
70616,18340,2,2,29,35
70617,18340,3,3,35,28
70618,18340,4,4,27,30
70619,18338,1,1,21,38
70620,18338,2,2,31,16
70621,18338,3,3,23,33
70622,18338,4,4,26,27
70623,18339,5,OT,12,10
70624,18337,5,OT,7,7
70625,18337,6,OT2,10,6
70626,18341,1,1,34,28
70627,18341,2,2,27,30
70628,18341,3,3,22,29
70629,18341,4,4,22,26
70630,18342,1,1,20,29
70631,18342,2,2,22,17
70632,18342,3,3,24,34
70633,18342,4,4,29,24
70634,18343,1,1,27,32
70635,18343,2,2,23,26
70636,18343,3,3,23,27
70637,18343,4,4,31,19
70638,18344,1,1,27,27
70639,18344,2,2,24,30
70640,18344,3,3,27,17
70641,18344,4,4,28,21
70642,18343,5,OT,8,13
70643,18346,1,1,23,30
70644,18345,1,1,25,33
70645,18345,2,2,32,33
70646,18345,3,3,34,31
70647,18345,4,4,21,34
70648,18346,2,2,29,28
70649,18346,3,3,22,29
70650,18346,4,4,23,27
70651,18347,1,1,26,30
70652,18347,2,2,32,38
70653,18347,3,3,22,26
70654,18347,4,4,32,27
70655,18348,1,1,27,31
70656,18349,1,1,24,29
70657,18349,2,2,32,41
70658,18349,3,3,29,36
70659,18349,4,4,28,26
70660,18348,2,2,19,23
70661,18348,3,3,30,29
70662,18348,4,4,17,28
70663,18350,1,1,30,33
70664,18350,2,2,33,39
70665,18350,3,3,21,24
70666,18350,4,4,19,18
70667,18351,1,1,25,25
70668,18351,2,2,27,23
70669,18351,3,3,25,26
70670,18351,4,4,24,32
70671,18352,1,1,23,23
70672,18352,2,2,33,37
70673,18352,3,3,31,28
70674,18352,4,4,33,26
70675,18353,1,1,24,19
70676,18353,2,2,30,31
70677,18353,3,3,21,21
70678,18353,4,4,35,24
70679,18354,1,1,30,28
70680,18354,2,2,25,33
70681,18354,3,3,29,31
70682,18354,4,4,28,29
70683,18356,1,1,26,28
70684,18355,1,1,30,29
70685,18355,2,2,25,28
70686,18355,3,3,34,24
70687,18355,4,4,28,27
70688,18356,2,2,39,24
70689,18356,3,3,25,30
70690,18356,4,4,14,36
70691,18357,1,1,24,37
70692,18357,2,2,27,30
70693,18357,3,3,33,32
70694,18357,4,4,25,22
70695,18358,1,1,33,34
70696,18358,2,2,26,23
70697,18358,3,3,25,45
70698,18358,4,4,31,30
70699,18360,1,1,25,35
70700,18359,1,1,26,34
70701,18360,2,2,32,24
70702,18360,3,3,31,26
70703,18360,4,4,24,32
70704,18359,2,2,24,29
70705,18359,3,3,37,23
70706,18359,4,4,19,33
70707,18361,1,1,36,48
70708,18361,2,2,43,25
70709,18361,3,3,43,33
70710,18361,4,4,23,29
70711,18363,1,1,19,23
70712,18362,1,1,40,20
70713,18362,2,2,27,30
70714,18362,3,3,37,34
70715,18362,4,4,25,40
70716,18363,2,2,32,32
70717,18363,3,3,23,27
70718,18363,4,4,18,20
70719,18364,1,1,30,26
70720,18364,2,2,27,25
70721,18364,3,3,21,27
70722,18364,4,4,20,27
70723,18365,1,1,32,20
70724,18365,2,2,30,27
70725,18365,3,3,35,29
70726,18365,4,4,29,27
70727,18366,1,1,39,26
70728,18366,2,2,23,38
70729,18366,3,3,29,34
70730,18366,4,4,24,24
70731,18367,1,1,22,26
70732,18367,2,2,24,29
70733,18367,3,3,31,25
70734,18367,4,4,26,36
70735,18369,1,1,31,23
70736,18369,2,2,27,22
70737,18369,3,3,26,24
70738,18369,4,4,28,36
70739,18368,1,1,27,23
70740,18368,2,2,31,28
70741,18368,3,3,30,26
70742,18368,4,4,27,34
70743,18370,1,1,35,32
70744,18370,2,2,34,30
70745,18370,3,3,27,27
70746,18370,4,4,26,37
70747,18371,1,1,31,35
70748,18371,2,2,26,23
70749,18371,3,3,34,26
70750,18371,4,4,21,29
70751,18373,1,1,29,24
70752,18373,2,2,34,26
70753,18373,3,3,31,30
70754,18373,4,4,27,26
70755,18372,1,1,31,23
70756,18372,2,2,27,23
70757,18372,3,3,31,32
70758,18372,4,4,33,28
70759,18374,1,1,26,33
70760,18374,2,2,19,28
70761,18374,3,3,23,38
70762,18374,4,4,27,33
70763,18375,1,1,35,32
71820,18375,2,2,25,27
72389,18376,1,1,15,30
72688,18375,3,3,27,30
73406,18376,2,2,17,24
73534,18377,1,1,23,27
74042,18375,4,4,15,24
74908,18377,2,2,38,31
75300,18376,3,3,33,15
75608,18379,1,1,30,36
76158,18378,1,1,29,30
76817,18376,4,4,36,34
77103,18377,3,3,22,27
77626,18379,2,2,24,37
77842,18378,2,2,27,32
78483,18377,4,4,35,26
79310,18378,3,3,33,31
79414,18379,3,3,28,42
79464,18378,4,4,21,24
79683,18379,4,4,39,38
79684,18382,1,1,27,27
79688,18381,1,1,29,37
79707,18380,1,1,42,24
82499,18381,2,2,25,30
82571,18380,2,2,32,25
82799,18382,2,2,33,36
82818,18384,1,1,31,27
83221,18383,1,1,30,18
85507,18384,2,2,29,27
85799,18385,1,1,28,32
85934,18386,1,1,37,34
86232,18383,2,2,32,35
86688,18381,3,3,35,20
87262,18380,3,3,24,31
87924,18382,3,3,30,27
88993,18385,2,2,25,26
89161,18386,2,2,23,27
89183,18387,1,1,31,28
89703,18381,4,4,32,33
90149,18380,4,4,28,28
90342,18384,3,3,19,30
90609,18382,4,4,35,23
90673,18383,3,3,35,25
91643,18387,2,2,26,23
92029,18385,3,3,25,37
92116,18384,4,4,25,28
92172,18383,4,4,29,23
92197,18386,3,3,18,34
92932,18385,4,4,32,29
92964,18386,4,4,20,18
92992,18387,3,3,19,23
93123,18388,1,1,30,27
93130,18389,1,1,33,36
93987,18387,4,4,25,18
94883,18388,2,2,25,27
95280,18389,2,2,32,36
96571,18388,3,3,25,30
96781,18389,3,3,24,31
97227,18388,4,4,26,19
97262,18389,4,4,30,27
97263,18392,1,1,28,37
97283,18391,1,1,28,28
99156,18392,2,2,28,26
99284,18391,2,2,29,33
99326,18390,1,1,23,15
101344,18390,2,2,27,27
101700,18392,3,3,26,26
101764,18391,3,3,28,21
102440,18392,4,4,30,41
102526,18391,4,4,24,25
102576,18390,3,3,17,26
102787,18390,4,4,24,28
102788,18393,1,1,31,33
103609,18393,2,2,38,24
103714,18394,1,1,14,28
103890,18395,1,1,34,24
105461,18394,2,2,32,30
105536,18396,1,1,37,24
105559,18398,1,1,28,33
105632,18397,1,1,10,25
106560,18395,2,2,28,31
106867,18393,3,3,19,24
108859,18396,2,2,29,28
108888,18398,2,2,31,30
109015,18399,1,1,40,25
109028,18400,1,1,27,29
109151,18397,2,2,35,25
110196,18393,4,4,16,23
110434,18394,3,3,24,24
111096,18395,3,3,22,34
111639,18400,2,2,28,44
111649,18399,2,2,27,32
111900,18401,1,1,35,42
112603,18396,3,3,21,27
112607,18398,3,3,24,29
112747,18393,5,OT,2,3
112927,18394,4,4,35,23
113538,18397,3,3,26,20
113646,18395,4,4,18,21
113706,18401,2,2,31,32
114006,18399,3,3,22,21
114135,18400,3,3,28,32
114231,18398,4,4,27,29
114321,18396,4,4,21,28
114727,18394,5,OT,15,15
114729,18397,4,4,28,21
114847,18399,4,4,28,31
114864,18402,1,1,19,35
114956,18400,4,4,16,22
115122,18394,6,OT2,2,12
115242,18401,3,3,39,33
115770,18403,1,1,37,30
116225,18402,2,2,31,26
116694,18401,4,4,28,27
117660,18403,2,2,27,38
118185,18402,3,3,24,26
118819,18403,3,3,31,28
118868,18402,4,4,27,24
119087,18403,4,4,26,32
119088,18404,1,1,31,29
119952,18404,2,2,31,26
120387,18405,1,1,28,22
120798,18404,3,3,27,27
121474,18405,2,2,27,29
121535,18406,1,1,33,23
122381,18404,4,4,22,29
122821,18406,2,2,30,28
123207,18405,3,3,29,38
123457,18404,5,OT,11,13
123842,18406,3,3,34,33
123852,18405,4,4,29,25
124165,18406,4,4,15,25
124166,18405,5,OT,0,0
124167,18405,6,OT2,0,0
124168,18408,1,1,20,23
124965,18408,2,2,38,28
124992,18407,1,1,22,40
126316,18407,2,2,26,24
126870,18408,3,3,29,28
127352,18407,3,3,21,27
127493,18408,4,4,31,34
127641,18407,4,4,28,28
127642,18415,1,1,22,28
128626,18415,2,2,31,27
129331,18415,3,3,22,35
129532,18415,4,4,20,26
129533,18416,1,1,33,38
129534,18409,1,1,27,35
131528,18409,2,2,28,24
131550,18416,2,2,37,30
132601,18411,1,1,40,28
132623,18410,1,1,27,28
132674,18412,1,1,29,28
133560,18409,3,3,24,18
134621,18416,3,3,32,34
135374,18411,2,2,21,37
135702,18412,2,2,33,29
135734,18413,1,1,25,25
135823,18410,2,2,15,31
136620,18409,4,4,23,29
137401,18416,4,4,27,35
137929,18413,2,2,30,31
138223,18411,3,3,36,29
138447,18412,3,3,31,39
138535,18410,3,3,22,36
139125,18411,4,4,30,26
139311,18413,3,3,24,18
139328,18412,4,4,22,31
139351,18410,4,4,23,18
139531,18413,4,4,19,23
139532,18414,1,1,20,34
140419,18414,2,2,28,32
141035,18414,3,3,19,29
141277,18414,4,4,25,28
141278,18418,1,1,28,27
141279,18417,1,1,26,38
143109,18417,2,2,33,26
143249,18418,2,2,17,27
144041,18423,1,1,38,34
144054,18419,1,1,16,35
144068,18422,1,1,33,30
144077,18420,1,1,23,28
144081,18421,1,1,32,30
145933,18417,3,3,23,21
146195,18418,3,3,22,32
147339,18423,2,2,31,24
147396,18421,2,2,29,33
147559,18420,2,2,27,35
147576,18422,2,2,27,17
147649,18419,2,2,25,30
148720,18417,4,4,20,29
148926,18418,4,4,35,37
150024,18423,3,3,29,29
150027,18421,3,3,18,30
150036,18420,3,3,29,32
150212,18422,3,3,19,37
150310,18419,3,3,24,32
150590,18422,4,4,22,21
150938,18423,4,4,31,32
151001,18420,4,4,28,26
151094,18419,4,4,18,31
151115,18421,4,4,32,26
151116,18424,1,1,24,34
151887,18424,2,2,32,32
152350,18424,3,3,37,22
152564,18424,4,4,21,33
152565,18425,1,1,26,33
153370,18425,2,2,31,30
153565,18426,1,1,28,31
154725,18426,2,2,36,28
154948,18425,3,3,25,22
155552,18427,1,1,28,29
155835,18425,4,4,24,30
156017,18426,3,3,24,17
156428,18427,2,2,30,28
156799,18426,4,4,25,33
156938,18428,1,1,22,26
157700,18427,3,3,25,24
157752,18428,2,2,33,27
158230,18427,4,4,27,27
158470,18428,3,3,24,33
158699,18428,4,4,26,29
158700,18431,1,1,33,21
158701,18431,2,2,21,32
158702,18431,3,3,21,26
158703,18431,4,4,26,28
158704,18430,1,1,29,21
158705,18430,2,2,24,27
158706,18430,3,3,34,29
158707,18430,4,4,28,24
158708,18429,1,1,21,28
158709,18429,2,2,27,29
158710,18429,3,3,27,30
158711,18429,4,4,21,27
158712,18432,1,1,26,35
158713,18432,2,2,31,37
158714,18432,3,3,31,25
158715,18432,4,4,18,18
158716,18435,1,1,38,26
158717,18435,2,2,14,25
158718,18435,3,3,39,25
158719,18435,4,4,21,22
158720,18434,1,1,26,28
158721,18434,2,2,17,32
158722,18434,3,3,37,23
158723,18434,4,4,25,30
158724,18433,1,1,23,34
158725,18433,2,2,26,36
158726,18433,3,3,36,31
158727,18433,4,4,27,24
158728,18437,1,1,29,19
158729,18436,1,1,32,33
158730,18438,1,1,38,21
158731,18438,2,2,31,42
158732,18438,3,3,15,34
158733,18438,4,4,36,23
158734,18437,2,2,37,28
158735,18437,3,3,38,38
158736,18437,4,4,25,25
158737,18436,2,2,29,29
158738,18436,3,3,29,21
158739,18436,4,4,28,30
158740,18439,1,1,30,25
158741,18439,2,2,36,29
158742,18439,3,3,32,36
158743,18439,4,4,27,26
158744,18440,1,1,29,32
158745,18440,2,2,18,34
158746,18440,3,3,35,32
158747,18440,4,4,25,26
158748,18438,5,OT,11,6
158749,18441,1,1,34,29
158750,18441,2,2,28,23
158751,18441,3,3,21,39
158752,18441,4,4,25,19
158753,18443,1,1,24,29
158754,18443,2,2,28,27
158755,18443,3,3,30,20
158756,18443,4,4,25,23
158757,18444,1,1,25,31
158758,18444,2,2,37,30
158759,18444,3,3,30,25
158760,18444,4,4,24,30
158761,18448,1,1,30,25
158762,18449,1,1,30,32
158763,18442,1,1,35,23
158764,18448,2,2,33,27
158765,18448,3,3,10,35
158766,18448,4,4,29,30
158767,18450,1,1,25,44
158768,18446,1,1,33,38
158769,18449,2,2,29,27
158770,18449,3,3,21,28
158771,18449,4,4,30,23
158772,18442,2,2,30,34
158773,18442,3,3,29,31
158774,18442,4,4,23,40
158775,18446,2,2,39,31
158776,18446,3,3,32,25
158777,18446,4,4,18,34
158778,18445,1,1,22,36
158779,18445,2,2,40,28
158780,18445,3,3,22,30
158781,18445,4,4,20,28
158782,18450,2,2,23,24
158783,18450,3,3,29,38
158784,18450,4,4,34,26
158785,18453,1,1,33,21
158786,18453,2,2,26,20
158787,18453,3,3,20,34
158788,18453,4,4,26,19
158789,18447,1,1,38,28
158790,18447,2,2,21,28
158791,18447,3,3,26,29
158792,18447,4,4,22,25
158793,18454,1,1,22,23
158794,18454,2,2,32,30
158795,18454,3,3,25,31
158796,18454,4,4,23,24
158797,18451,1,1,23,37
158798,18444,5,OT,16,13
158799,18451,2,2,28,22
158800,18451,3,3,35,38
158801,18451,4,4,32,32
158802,18449,5,OT,9,13
158803,18452,1,1,31,26
158804,18452,2,2,33,26
158805,18452,3,3,23,25
158806,18452,4,4,27,27
158807,18455,1,1,29,24
158808,18455,2,2,23,30
158809,18455,3,3,21,27
158810,18455,4,4,27,24
158811,18457,1,1,33,34
158812,18457,2,2,37,34
158813,18457,3,3,36,29
158814,18457,4,4,37,41
158815,18456,1,1,22,23
158816,18456,2,2,22,42
158817,18456,3,3,29,30
158818,18456,4,4,32,23
158819,18458,1,1,32,22
158820,18458,2,2,22,29
158821,18458,3,3,27,27
158822,18458,4,4,31,35
158823,18459,1,1,24,31
158824,18459,2,2,33,27
158825,18459,3,3,23,26
158826,18459,4,4,17,27
158827,18460,1,1,47,27
158828,18460,2,2,29,29
158829,18460,3,3,33,33
158830,18460,4,4,28,25
158831,18461,1,1,29,35
158832,18461,2,2,28,24
158833,18461,3,3,12,23
158834,18461,4,4,31,32
158835,18462,1,1,23,31
158836,18462,2,2,28,29
158837,18462,3,3,34,21
158838,18462,4,4,21,17
158839,18466,1,1,36,32
158840,18466,2,2,31,13
158841,18466,3,3,32,26
158842,18466,4,4,34,32
158843,18463,1,1,26,35
158844,18463,2,2,29,37
158845,18463,3,3,33,41
158846,18463,4,4,33,17
158847,18464,1,1,20,26
158848,18464,2,2,31,30
158849,18464,3,3,22,22
158850,18464,4,4,29,16
158851,18465,1,1,25,26
158852,18465,2,2,29,26
158853,18465,3,3,39,31
158854,18465,4,4,34,40
158855,18467,1,1,33,41
158856,18467,2,2,29,32
158857,18467,3,3,34,31
158858,18467,4,4,19,20
158859,18468,1,1,34,23
158860,18468,2,2,21,28
158861,18468,3,3,26,30
158862,18468,4,4,20,23
158863,18469,1,1,33,38
158864,18469,2,2,25,39
158865,18469,3,3,39,32
158866,18469,4,4,30,33
158867,18471,1,1,28,23
158868,18472,1,1,24,26
158869,18471,2,2,23,29
158870,18471,3,3,25,35
158871,18471,4,4,26,22
158872,18470,1,1,19,45
158873,18472,2,2,19,26
158874,18472,3,3,24,28
158875,18472,4,4,21,20
158876,18470,2,2,36,33
158877,18470,3,3,27,43
158878,18470,4,4,23,19
158879,18473,1,1,26,34
158880,18473,2,2,24,22
158881,18473,3,3,24,25
158882,18473,4,4,27,24
158883,18475,1,1,27,27
158884,18474,1,1,39,42
158885,18475,2,2,26,33
158886,18475,3,3,33,20
158887,18475,4,4,28,27
158888,18474,2,2,29,28
158889,18474,3,3,23,36
158890,18474,4,4,22,23
158891,18477,1,1,31,26
158892,18477,2,2,32,38
158893,18477,3,3,28,20
158894,18477,4,4,31,33
158895,18476,1,1,29,32
158896,18476,2,2,27,30
158897,18476,3,3,28,31
158898,18476,4,4,32,22
158899,18478,1,1,40,32
158900,18478,2,2,30,24
158901,18478,3,3,38,21
158902,18478,4,4,32,33
158903,18479,1,1,24,36
158904,18479,2,2,30,19
158905,18479,3,3,33,37
158906,18479,4,4,26,24
158907,18480,1,1,25,30
158908,18480,2,2,28,31
158909,18480,3,3,29,34
158910,18480,4,4,36,17
158911,18482,1,1,38,27
158912,18481,1,1,21,25
158913,18482,2,2,32,23
158914,18482,3,3,30,26
158915,18482,4,4,25,32
158916,18481,2,2,27,44
158917,18481,3,3,18,21
158918,18481,4,4,19,23
158919,18483,1,1,35,38
158920,18484,1,1,28,29
158921,18484,2,2,25,28
158922,18484,3,3,24,23
158923,18484,4,4,30,33
158924,18483,2,2,25,30
158925,18483,3,3,36,34
158926,18483,4,4,25,32
158927,18485,1,1,22,20
158928,18485,2,2,25,25
158929,18485,3,3,27,26
158930,18485,4,4,35,32
158931,18488,1,1,35,32
158932,18486,1,1,29,40
158933,18487,1,1,26,27
158934,18488,2,2,42,28
158935,18488,3,3,19,28
158936,18488,4,4,15,31
158937,18486,2,2,18,34
158938,18486,3,3,31,28
158939,18486,4,4,30,24
158940,18487,2,2,22,17
158941,18487,3,3,24,31
158942,18487,4,4,29,34
158943,18492,1,1,25,32
158944,18490,1,1,26,35
158945,18492,2,2,18,32
158946,18492,3,3,38,42
158947,18492,4,4,32,26
158948,18490,2,2,34,23
158949,18490,3,3,25,36
158950,18490,4,4,27,31
158951,18489,1,1,24,44
158952,18489,2,2,23,30
158953,18489,3,3,25,22
158954,18489,4,4,28,24
158955,18493,1,1,20,33
158956,18493,2,2,28,29
158957,18493,3,3,35,44
158958,18493,4,4,31,31
158959,18491,1,1,22,24
158960,18491,2,2,40,42
158961,18491,3,3,20,31
158962,18491,4,4,27,31
158963,18494,1,1,36,36
158964,18494,2,2,24,25
158965,18494,3,3,29,38
158966,18494,4,4,28,18
158967,18494,5,OT,8,14
158968,18495,1,1,31,36
158969,18495,2,2,28,38
158970,18495,3,3,29,33
158971,18495,4,4,28,10
158972,18498,1,1,25,27
158973,18496,1,1,25,28
158974,18496,2,2,21,32
158975,18496,3,3,35,30
158976,18496,4,4,28,27
158977,18500,1,1,17,41
158978,18497,1,1,27,27
158979,18498,2,2,22,27
158980,18498,3,3,17,28
158981,18498,4,4,32,25
158982,18497,2,2,32,35
158983,18497,3,3,22,25
158984,18497,4,4,29,23
158985,18500,2,2,32,31
158986,18500,3,3,23,21
158987,18500,4,4,33,21
158988,18499,1,1,33,31
158989,18499,2,2,33,27
158990,18499,3,3,35,39
158991,18499,4,4,32,32
158992,18501,1,1,26,24
158993,18502,1,1,30,29
158994,18501,2,2,23,28
158995,18501,3,3,32,19
158996,18501,4,4,36,28
158997,18502,2,2,24,35
158998,18502,3,3,22,28
158999,18502,4,4,33,25
159000,18504,1,1,24,35
159001,18503,1,1,27,36
159002,18503,2,2,30,28
159003,18503,3,3,29,32
159004,18503,4,4,36,25
159005,18504,2,2,35,40
159006,18504,3,3,22,26
159007,18504,4,4,38,38
159008,18497,5,OT,10,6
159009,18505,1,1,33,35
159010,18505,2,2,19,28
159011,18505,3,3,30,33
159012,18505,4,4,29,23
159013,18506,1,1,20,32
159014,18506,2,2,32,27
159015,18506,3,3,41,15
159016,18506,4,4,28,26
159017,18507,1,1,38,24
159018,18507,2,2,22,14
159019,18507,3,3,30,31
159020,18507,4,4,33,27
159021,18508,1,1,30,24
159022,18508,2,2,26,21
159023,18508,3,3,28,28
159024,18508,4,4,21,23
159025,18509,1,1,32,29
159026,18510,1,1,22,36
159027,18509,2,2,31,28
159028,18509,3,3,34,44
159029,18509,4,4,38,27
159030,18510,2,2,26,28
159031,18510,3,3,25,30
159032,18510,4,4,35,27
159033,18511,1,1,23,39
159034,18511,2,2,29,29
159035,18511,3,3,28,26
159036,18511,4,4,21,26
159037,18512,1,1,40,31
159038,18512,2,2,29,29
159039,18512,3,3,23,30
159040,18512,4,4,24,21
159041,18513,1,1,31,27
159042,18513,2,2,29,32
159043,18513,3,3,21,28
159044,18513,4,4,25,34
159045,18513,5,OT,0,0
159046,18513,6,OT2,0,0
159047,18514,1,1,35,30
159048,18514,2,2,36,11
159049,18514,3,3,35,30
159050,18514,4,4,27,24
159051,18519,1,1,33,27
159052,18515,1,1,40,26
159053,18516,1,1,35,27
159054,18519,2,2,35,23
159055,18519,3,3,37,31
159056,18519,4,4,25,38
159057,18518,1,1,27,29
159058,18516,2,2,27,23
159059,18516,3,3,13,19
159060,18516,4,4,28,23
159061,18515,2,2,29,31
159062,18515,3,3,32,26
159063,18515,4,4,21,29
159064,18518,2,2,20,33
159065,18518,3,3,31,20
159066,18518,4,4,23,28
159067,18517,1,1,16,23
159068,18517,2,2,27,23
159069,18517,3,3,20,25
159070,18517,4,4,18,21
159071,18520,1,1,24,28
159072,18520,2,2,25,26
159073,18520,3,3,25,39
159074,18520,4,4,26,23
159075,18522,1,1,28,26
159076,18522,2,2,35,28
159077,18522,3,3,21,36
159078,18522,4,4,35,27
159079,18521,1,1,30,21
159080,18521,2,2,26,24
159081,18521,3,3,32,27
159082,18521,4,4,21,30
159083,18523,1,1,27,29
159084,18523,2,2,27,30
159085,18523,3,3,30,29
159086,18523,4,4,37,26
159087,18524,1,1,27,25
159088,18524,2,2,29,37
159089,18524,3,3,35,18
159090,18524,4,4,25,30
159091,18526,1,1,32,27
159092,18526,2,2,19,31
159093,18526,3,3,26,24
159094,18526,4,4,16,19
159095,18525,1,1,30,27
159096,18525,2,2,25,29
159097,18525,3,3,29,34
159098,18525,4,4,24,18
159099,18527,1,1,15,33
159100,18527,2,2,26,34
159101,18527,3,3,34,29
159102,18527,4,4,36,34
159103,18528,1,1,34,21
159104,18528,2,2,25,29
159105,18528,3,3,30,31
159106,18528,4,4,23,23
159107,18525,5,OT,9,9
159108,18525,6,OT2,6,15
159109,18529,1,1,26,27
159110,18529,2,2,23,30
159111,18529,3,3,34,28
159112,18529,4,4,19,31
159113,18530,1,1,20,25
159114,18530,2,2,27,25
159115,18530,3,3,31,23
159116,18530,4,4,38,23
159117,18531,1,1,36,29
159118,18531,2,2,28,29
159119,18531,3,3,27,28
159120,18531,4,4,25,29
159121,18532,1,1,32,14
159122,18532,2,2,17,26
159123,18532,3,3,29,31
159124,18532,4,4,21,28
159125,18537,1,1,22,29
159126,18533,1,1,28,38
159127,18533,2,2,27,35
159128,18533,3,3,32,23
159129,18533,4,4,29,26
159130,18534,1,1,20,31
159131,18534,2,2,21,22
159132,18534,3,3,26,36
159133,18534,4,4,22,24
159134,18535,1,1,31,39
159135,18535,2,2,16,31
159136,18535,3,3,28,27
159137,18535,4,4,38,29
159138,18537,2,2,27,23
159139,18537,3,3,32,28
159140,18537,4,4,30,35
159141,18540,1,1,25,27
159142,18540,2,2,27,30
159143,18540,3,3,35,37
159144,18540,4,4,15,29
159145,18538,1,1,29,34
159146,18538,2,2,32,34
159147,18538,3,3,33,29
159148,18538,4,4,19,29
159149,18539,1,1,17,35
159150,18539,2,2,44,28
159151,18539,3,3,29,27
159152,18539,4,4,25,31
159153,18536,1,1,28,27
159154,18536,2,2,15,29
159155,18536,3,3,30,23
159156,18536,4,4,25,25
159157,18541,1,1,35,30
159158,18541,2,2,34,36
159159,18541,3,3,22,34
159160,18541,4,4,32,24
159161,18532,5,OT,12,17
159162,18542,1,1,31,21
159163,18542,2,2,38,21
159164,18542,3,3,35,23
159165,18542,4,4,21,33
159166,18543,1,1,28,20
159167,18543,2,2,26,36
159168,18543,3,3,33,28
159169,18543,4,4,23,31
159170,18544,1,1,29,24
159171,18544,2,2,25,27
159172,18544,3,3,23,39
159173,18544,4,4,32,28
159174,18545,1,1,30,36
159175,18545,2,2,33,28
159176,18545,3,3,26,35
159177,18545,4,4,32,21
159178,18548,1,1,22,20
159179,18548,2,2,33,29
159180,18548,3,3,34,22
159181,18548,4,4,32,31
159182,18547,1,1,25,37
159183,18546,1,1,33,31
159184,18547,2,2,38,30
159185,18547,3,3,24,27
159186,18547,4,4,22,19
159187,18546,2,2,32,38
159188,18546,3,3,24,26
159189,18546,4,4,22,26
159190,18549,1,1,31,20
159191,18549,2,2,18,29
159192,18549,3,3,30,31
159193,18549,4,4,27,15
159194,18550,1,1,30,36
159195,18550,2,2,34,32
159196,18550,3,3,26,28
159197,18550,4,4,26,24
159198,18551,1,1,20,31
159199,18551,2,2,39,30
159200,18551,3,3,24,32
159201,18551,4,4,37,27
159202,18552,1,1,27,34
159203,18552,2,2,26,27
159204,18552,3,3,25,37
159205,18552,4,4,25,16
159206,18553,1,1,27,26
159207,18553,2,2,25,29
159208,18553,3,3,30,40
159209,18553,4,4,35,33
159210,18554,1,1,28,24
159211,18554,2,2,33,22
159212,18554,3,3,21,33
159213,18554,4,4,36,29
159214,18555,1,1,32,33
159215,18551,5,OT,2,13
159216,18555,2,2,20,15
159217,18555,3,3,21,36
159218,18555,4,4,33,21
159219,18556,1,1,25,29
159220,18556,2,2,34,28
159221,18556,3,3,27,27
159222,18556,4,4,29,27
159223,18557,1,1,40,38
159224,18557,2,2,29,38
159225,18557,3,3,26,24
159226,18557,4,4,41,33
159227,18558,1,1,28,29
159228,18558,2,2,32,34
159229,18558,3,3,26,21
159230,18558,4,4,28,23
159231,18559,1,1,22,28
159232,18559,2,2,24,31
159233,18559,3,3,26,23
159234,18559,4,4,30,28
159235,18560,1,1,30,40
159236,18560,2,2,23,42
159237,18560,3,3,32,31
159238,18560,4,4,30,31
159239,18561,1,1,25,33
159240,18561,2,2,38,35
159241,18561,3,3,20,27
159242,18561,4,4,24,28
159243,18562,1,1,26,28
159244,18562,2,2,26,33
159245,18562,3,3,38,31
159246,18562,4,4,20,23
159247,18563,1,1,27,32
159248,18563,2,2,39,33
159249,18563,3,3,26,29
159250,18563,4,4,26,30
159251,18564,1,1,36,29
159252,18564,2,2,22,28
159253,18564,3,3,35,41
159254,18564,4,4,24,19
159255,18564,5,OT,7,12
159256,18567,1,1,19,18
159257,18567,2,2,20,29
159258,18567,3,3,36,35
159259,18567,4,4,24,29
159260,18568,1,1,21,20
159261,18568,2,2,33,41
159262,18568,3,3,33,35
159263,18568,4,4,26,35
159264,18565,1,1,32,26
159265,18565,2,2,29,23
159266,18565,3,3,30,41
159267,18565,4,4,33,27
159268,18566,1,1,22,36
159269,18566,2,2,28,30
159270,18566,3,3,30,29
159271,18566,4,4,19,17
159272,18569,1,1,27,22
159273,18569,2,2,23,36
159274,18569,3,3,28,27
159275,18569,4,4,32,25
159276,18570,1,1,25,19
159277,18570,2,2,23,31
159278,18570,3,3,31,24
159279,18570,4,4,13,23
159280,18569,5,OT,12,13
159281,18572,1,1,29,25
159282,18571,1,1,26,19
159283,18572,2,2,33,30
159284,18572,3,3,32,28
159285,18572,4,4,18,17
159286,18571,2,2,21,23
159287,18571,3,3,20,22
159288,18571,4,4,20,18
159289,18573,1,1,29,35
159290,18573,2,2,22,27
159291,18573,3,3,25,40
159292,18573,4,4,27,26
159293,18575,1,1,27,29
159294,18575,2,2,22,36
159295,18575,3,3,29,27
159296,18575,4,4,33,20
159297,18574,1,1,28,23
159298,18574,2,2,24,43
159299,18574,3,3,38,31
159300,18574,4,4,24,24
159301,18576,1,1,27,33
159302,18576,2,2,32,37
159303,18576,3,3,25,36
159304,18576,4,4,28,27
159305,18577,1,1,25,29
159306,18577,2,2,22,27
159307,18577,3,3,25,32
159308,18577,4,4,21,25
159309,18577,5,OT,0,0
159310,18578,1,1,32,39
159311,18578,2,2,23,41
159312,18578,3,3,28,21
159313,18578,4,4,20,22
159314,18579,1,1,27,38
159315,18579,2,2,25,26
159316,18579,3,3,25,31
159317,18579,4,4,34,33
159318,18580,1,1,20,27
159319,18580,2,2,15,27
159320,18580,3,3,32,30
159321,18580,4,4,30,27
159322,18581,1,1,30,29
159323,18581,2,2,15,23
159324,18581,3,3,26,39
159325,18581,4,4,29,30
159326,18582,1,1,37,24
159327,18582,2,2,28,26
159328,18582,3,3,23,32
159329,18582,4,4,22,28
159330,18582,5,OT,12,8
159331,18584,1,1,22,50
159332,18583,1,1,26,27
159333,18584,2,2,40,26
159334,18584,3,3,32,29
159335,18584,4,4,30,30
159336,18583,2,2,28,47
159337,18583,3,3,33,19
159338,18583,4,4,32,32
159339,18585,1,1,35,33
159340,18585,2,2,38,36
159341,18585,3,3,34,28
159342,18585,4,4,20,30
159343,18587,1,1,23,31
159344,18587,2,2,36,31
159345,18587,3,3,29,32
159346,18587,4,4,36,29
159347,18586,1,1,29,28
159348,18586,2,2,35,27
159349,18586,3,3,28,33
159350,18586,4,4,25,29
159351,18592,1,1,39,28
159352,18588,1,1,31,31
159353,18592,2,2,34,29
159354,18592,3,3,24,32
159355,18592,4,4,31,23
159356,18588,2,2,33,21
159357,18588,3,3,22,32
159358,18588,4,4,24,24
159359,18589,1,1,26,19
159360,18589,2,2,34,22
159361,18589,3,3,23,27
159362,18589,4,4,22,22
159363,18590,1,1,31,38
159364,18590,2,2,36,34
159365,18590,3,3,28,30
159366,18590,4,4,33,39
159367,18585,5,OT,14,7
159368,18586,5,OT,11,3
159369,18591,1,1,21,19
159370,18591,2,2,22,19
159371,18591,3,3,22,29
159372,18591,4,4,23,32
159373,18594,1,1,18,33
159374,18594,2,2,23,37
159375,18594,3,3,30,47
159376,18594,4,4,30,25
159377,18593,1,1,29,29
159378,18593,2,2,37,23
159379,18593,3,3,20,33
159380,18593,4,4,25,23
159381,18595,1,1,25,27
159382,18595,2,2,37,31
159383,18595,3,3,33,33
159384,18595,4,4,28,32
159385,18596,1,1,29,18
159386,18596,2,2,35,19
159387,18596,3,3,25,33
159388,18596,4,4,22,25
159389,18595,5,OT,6,9
159390,18598,1,1,38,24
159391,18598,2,2,37,35
159392,18598,3,3,23,33
159393,18598,4,4,27,14
159394,18597,1,1,28,29
159395,18597,2,2,27,34
159396,18597,3,3,38,23
159397,18597,4,4,29,27
159398,18602,1,1,19,29
159399,18602,2,2,33,33
159400,18602,3,3,36,22
159401,18602,4,4,31,32
159402,18599,1,1,32,28
159403,18599,2,2,30,26
159404,18599,3,3,26,27
159405,18599,4,4,29,28
159406,18600,1,1,31,29
159407,18600,2,2,30,25
159408,18600,3,3,33,29
159409,18600,4,4,18,35
159410,18601,1,1,38,33
159411,18601,2,2,19,22
159412,18601,3,3,24,33
159413,18601,4,4,25,30
159414,18603,1,1,29,32
159415,18604,1,1,30,28
159416,18604,2,2,33,22
159417,18604,3,3,25,41
159418,18604,4,4,24,19
159419,18603,2,2,29,21
159420,18603,3,3,29,22
159421,18603,4,4,27,16
159422,18605,1,1,32,31
159423,18605,2,2,31,41
159424,18605,3,3,22,38
159425,18605,4,4,25,20
159426,18606,1,1,32,33
159427,18606,2,2,33,31
159428,18606,3,3,23,29
159429,18606,4,4,20,33
159430,18607,1,1,28,20
159431,18607,2,2,29,30
159432,18607,3,3,18,22
159433,18607,4,4,18,30
159434,18608,1,1,25,28
159435,18608,2,2,27,27
159436,18608,3,3,28,29
159437,18608,4,4,31,17
159438,18612,1,1,21,25
159439,18611,1,1,22,27
159440,18612,2,2,22,39
159441,18612,3,3,33,27
159442,18612,4,4,33,24
159443,18609,1,1,29,27
159444,18611,2,2,25,29
159445,18611,3,3,36,36
159446,18611,4,4,14,31
159447,18609,2,2,20,20
159448,18609,3,3,26,20
159449,18609,4,4,21,29
159450,18610,1,1,33,27
159451,18610,2,2,24,24
159452,18610,3,3,28,14
159453,18610,4,4,22,30
159454,18613,1,1,34,27
159455,18613,2,2,29,19
159456,18613,3,3,26,38
159457,18613,4,4,25,34
159458,18609,5,OT,3,4
159459,18614,1,1,26,23
159460,18614,2,2,24,18
159461,18614,3,3,18,30
159462,18614,4,4,27,21
159463,18615,1,1,29,28
159464,18615,2,2,25,25
159465,18615,3,3,30,32
159466,18615,4,4,25,21
159467,18616,1,1,21,35
159468,18616,2,2,33,36
159469,18616,3,3,44,25
159470,18616,4,4,26,25
159471,18617,1,1,36,26
159472,18617,2,2,32,28
159473,18617,3,3,34,26
159474,18617,4,4,24,30
159475,18618,1,1,34,32
159476,18618,2,2,31,39
159477,18618,3,3,32,42
159478,18618,4,4,29,37
159479,18619,1,1,25,20
159480,18619,2,2,27,35
159481,18619,3,3,28,39
159482,18619,4,4,35,25
159483,18620,1,1,29,30
159484,18620,2,2,23,36
159485,18620,3,3,36,21
159486,18620,4,4,29,32
159487,18622,1,1,23,22
159488,18622,2,2,23,35
159489,18622,3,3,32,21
159490,18622,4,4,21,21
159491,18621,1,1,21,29
159492,18621,2,2,23,33
159493,18621,3,3,27,28
159494,18621,4,4,28,32
159495,18623,1,1,27,34
159496,18623,2,2,38,34
159497,18623,3,3,29,36
159498,18623,4,4,31,22
159499,18627,1,1,28,28
159500,18624,1,1,30,27
159501,18627,2,2,30,33
159502,18627,3,3,36,33
159503,18627,4,4,27,29
159504,18624,2,2,36,34
159505,18624,3,3,34,29
159506,18624,4,4,28,29
159507,18626,1,1,30,21
159508,18625,1,1,35,28
159509,18626,2,2,14,36
159510,18626,3,3,30,37
159511,18626,4,4,32,22
159512,18625,2,2,25,34
159513,18625,3,3,32,14
159514,18625,4,4,32,29
159515,18628,1,1,24,38
159516,18628,2,2,20,30
159517,18628,3,3,33,31
159518,18628,4,4,27,31
159519,18622,5,OT,2,5
159520,18629,1,1,39,30
159521,18629,2,2,27,33
159522,18629,3,3,25,29
159523,18629,4,4,34,27
159524,18630,1,1,31,24
159525,18630,2,2,30,36
159526,18630,3,3,34,25
159527,18630,4,4,31,26
159528,18632,1,1,25,33
159529,18632,2,2,31,36
159530,18632,3,3,25,31
159531,18632,4,4,13,32
159532,18631,1,1,31,21
159533,18631,2,2,21,36
159534,18631,3,3,36,20
159535,18631,4,4,25,26
159536,18633,1,1,27,30
159537,18633,2,2,26,18
159538,18633,3,3,27,30
159539,18633,4,4,33,32
159540,18634,1,1,14,35
159541,18634,2,2,26,20
159542,18634,3,3,31,29
159543,18634,4,4,20,21
159544,18635,1,1,20,35
159545,18635,2,2,22,25
159546,18635,3,3,35,33
159547,18635,4,4,29,21
159548,18636,1,1,29,37
159549,18636,2,2,22,26
159550,18636,3,3,27,29
159551,18636,4,4,15,21
159552,18637,1,1,30,25
159553,18639,1,1,17,46
159554,18637,2,2,31,26
159555,18637,3,3,20,26
159556,18637,4,4,29,31
159557,18639,2,2,34,45
159558,18639,3,3,28,18
159559,18639,4,4,34,34
159560,18638,1,1,42,22
159561,18638,2,2,29,21
159562,18638,3,3,29,42
159563,18638,4,4,17,27
159564,18640,1,1,28,27
159565,18640,2,2,35,26
159566,18640,3,3,24,27
159567,18640,4,4,26,26
159568,18642,1,1,29,31
159569,18642,2,2,22,21
159570,18642,3,3,24,22
159571,18642,4,4,29,25
159572,18641,1,1,25,31
159573,18643,1,1,32,22
159574,18641,2,2,29,33
159575,18641,3,3,31,23
159576,18641,4,4,31,23
159577,18643,2,2,22,27
159578,18643,3,3,24,29
159579,18643,4,4,20,23
159580,18645,1,1,26,25
159581,18645,2,2,32,41
159582,18645,3,3,28,40
159583,18645,4,4,34,28
159584,18644,1,1,19,37
159585,18644,2,2,21,34
159586,18644,3,3,34,26
159587,18644,4,4,31,29
159588,18646,1,1,17,37
159589,18646,2,2,29,28
159590,18646,3,3,29,29
159591,18646,4,4,42,32
159592,18647,1,1,27,30
159593,18647,2,2,39,30
159594,18647,3,3,24,33
159595,18647,4,4,22,27
159596,18649,1,1,33,24
159597,18649,2,2,30,27
159598,18649,3,3,22,34
159599,18649,4,4,29,34
159600,18648,1,1,28,34
159601,18648,2,2,33,27
159602,18648,3,3,28,33
159603,18648,4,4,24,39
159604,18652,1,1,39,31
159605,18651,1,1,29,22
159606,18651,2,2,27,32
159607,18651,3,3,30,34
159608,18651,4,4,23,33
159609,18652,2,2,30,22
159610,18652,3,3,29,25
159611,18652,4,4,20,29
159612,18650,1,1,34,32
159613,18650,2,2,29,28
159614,18650,3,3,18,35
159615,18650,4,4,24,35
159616,18653,1,1,29,36
159617,18654,1,1,29,22
159618,18653,2,2,18,24
159619,18653,3,3,28,25
159620,18653,4,4,25,33
159621,18654,2,2,29,38
159622,18654,3,3,31,32
159623,18654,4,4,29,25
159624,18655,1,1,30,24
159625,18657,1,1,33,23
159626,18657,2,2,31,23
159627,18657,3,3,16,31
159628,18657,4,4,32,35
159629,18655,2,2,31,26
159630,18655,3,3,20,34
159631,18655,4,4,31,22
159632,18656,1,1,31,28
159633,18656,2,2,25,30
159634,18656,3,3,28,24
159635,18656,4,4,27,26
159636,18658,1,1,27,32
159637,18658,2,2,37,26
159638,18658,3,3,16,35
159639,18658,4,4,27,27
159640,18660,1,1,28,27
159641,18660,2,2,40,23
159642,18660,3,3,34,33
159643,18660,4,4,23,28
159644,18659,1,1,39,20
159645,18659,2,2,20,18
159646,18659,3,3,38,31
159647,18659,4,4,28,31
159648,18657,5,OT,16,13
159649,18661,1,1,27,31
159650,18661,2,2,40,36
159651,18661,3,3,30,20
159652,18661,4,4,37,43
159653,18662,1,1,25,37
159654,18662,2,2,35,26
159655,18662,3,3,35,33
159656,18662,4,4,24,16
159657,18663,1,1,28,21
159658,18663,2,2,26,22
159659,18663,3,3,21,51
159660,18663,4,4,40,30
159661,18664,1,1,28,36
159662,18664,2,2,33,26
159663,18664,3,3,25,38
159664,18664,4,4,32,39
159665,18665,1,1,29,33
159666,18665,2,2,25,26
159667,18665,3,3,30,40
159668,18665,4,4,25,24
159669,18666,1,1,24,28
159670,18666,2,2,33,23
159671,18666,3,3,27,30
159672,18666,4,4,29,32
159673,18666,5,OT,12,15
159674,18668,1,1,31,36
159675,18667,1,1,34,22
159676,18667,2,2,31,27
159677,18667,3,3,26,30
159678,18667,4,4,34,38
159679,18668,2,2,35,25
159680,18668,3,3,30,39
159681,18668,4,4,32,28
159682,18669,1,1,31,33
159683,18669,2,2,25,26
159684,18669,3,3,30,34
159685,18669,4,4,24,20
159686,18671,1,1,36,26
159687,18670,1,1,18,24
159688,18671,2,2,28,39
159689,18671,3,3,35,24
159690,18671,4,4,34,29
159691,18670,2,2,20,33
159692,18670,3,3,24,33
159693,18670,4,4,31,23
159694,18672,1,1,26,31
159695,18672,2,2,30,32
159696,18672,3,3,26,33
159697,18672,4,4,40,30
159698,18668,5,OT,14,3
159699,18673,1,1,34,30
159700,18673,2,2,33,31
159701,18673,3,3,28,40
159702,18673,4,4,18,23
159703,18675,1,1,30,32
159704,18675,2,2,26,35
159705,18675,3,3,29,27
159706,18675,4,4,26,22
159707,18674,1,1,33,27
159708,18674,2,2,32,28
159709,18674,3,3,27,28
159710,18674,4,4,37,27
159711,18677,1,1,27,30
159712,18678,1,1,27,29
159713,18676,1,1,21,22
159714,18677,2,2,27,34
159715,18677,3,3,32,32
159716,18677,4,4,28,33
159717,18676,2,2,28,34
159718,18676,3,3,32,36
159719,18676,4,4,21,34
159720,18678,2,2,33,27
159721,18678,3,3,37,26
159722,18678,4,4,27,31
159723,18679,1,1,33,38
159724,18679,2,2,27,32
159725,18679,3,3,33,25
159726,18679,4,4,21,35
159727,18680,1,1,23,22
159728,18680,2,2,42,27
159729,18680,3,3,32,31
159730,18680,4,4,28,28
159731,18681,1,1,30,28
159732,18681,2,2,33,27
159733,18681,3,3,29,27
159734,18681,4,4,23,33
159735,18682,1,1,26,37
159736,18682,2,2,26,28
159737,18682,3,3,26,24
159738,18682,4,4,27,21
159739,18683,1,1,20,32
159740,18683,2,2,27,24
159741,18683,3,3,32,27
159742,18683,4,4,34,23
159743,18681,5,OT,6,11
159744,18684,1,1,23,27
159745,18685,1,1,21,36
159746,18685,2,2,34,28
159747,18685,3,3,29,29
159748,18685,4,4,18,34
159749,18684,2,2,24,39
159750,18684,3,3,30,26
159751,18684,4,4,24,29
159752,18686,1,1,31,30
159753,18686,2,2,25,33
159754,18686,3,3,27,17
159755,18686,4,4,25,27
159756,18687,1,1,25,33
159757,18687,2,2,27,28
159758,18687,3,3,26,34
159759,18687,4,4,20,17
159760,18689,1,1,32,28
159761,18688,1,1,28,24
159762,18689,2,2,23,29
159763,18689,3,3,27,22
159764,18689,4,4,24,27
159765,18688,2,2,27,25
159766,18688,3,3,33,37
159767,18688,4,4,30,33
159768,18691,1,1,40,24
159769,18690,1,1,37,27
159770,18691,2,2,35,38
159771,18691,3,3,30,32
159772,18691,4,4,21,33
159773,18690,2,2,22,27
159774,18690,3,3,35,34
159775,18690,4,4,13,24
159776,18689,5,OT,7,13
159777,18693,1,1,30,36
159778,18693,2,2,30,21
159779,18693,3,3,24,28
159780,18693,4,4,29,36
159781,18692,1,1,34,29
159782,18692,2,2,34,35
159783,18692,3,3,28,35
159784,18692,4,4,30,36
159785,18694,1,1,26,27
159786,18695,1,1,30,20
159787,18695,2,2,27,23
159788,18695,3,3,36,32
159789,18695,4,4,26,31
159790,18694,2,2,23,33
159791,18694,3,3,36,24
159792,18694,4,4,25,32
159793,18697,1,1,29,38
159794,18697,2,2,24,26
159795,18697,3,3,26,28
159796,18697,4,4,36,30
159797,18696,1,1,30,36
159798,18696,2,2,21,29
159799,18696,3,3,28,34
159800,18696,4,4,35,30
159801,18698,1,1,27,20
159802,18698,2,2,29,27
159803,18698,3,3,42,26
159804,18698,4,4,21,27
159805,18699,1,1,23,33
159806,18699,2,2,39,34
159807,18699,3,3,36,28
159808,18699,4,4,32,26
159809,18700,1,1,24,33
159810,18700,2,2,27,20
159811,18700,3,3,28,33
159812,18700,4,4,25,27
159813,18701,1,1,25,33
159814,18701,2,2,33,27
159815,18701,3,3,34,35
159816,18701,4,4,26,37
159817,18702,1,1,34,33
159818,18702,2,2,27,17
159819,18702,3,3,22,39
159820,18702,4,4,31,34
159821,18703,1,1,27,31
159822,18703,2,2,33,36
159823,18703,3,3,31,32
159824,18703,4,4,25,28
159825,18704,1,1,19,23
159826,18704,2,2,38,37
159827,18704,3,3,33,25
159828,18704,4,4,29,39
159829,18706,1,1,27,30
159830,18706,2,2,30,30
159831,18706,3,3,30,31
159832,18706,4,4,38,35
159833,18705,1,1,25,41
159834,18705,2,2,31,19
159835,18705,3,3,40,28
159836,18705,4,4,16,30
159837,18707,1,1,22,32
159838,18707,2,2,33,30
159839,18707,3,3,38,31
159840,18707,4,4,37,38
159841,18711,1,1,32,22
159842,18710,1,1,32,30
159843,18711,2,2,29,27
159844,18711,3,3,36,30
159845,18711,4,4,26,27
159846,18708,1,1,28,30
159847,18710,2,2,36,34
159848,18710,3,3,35,29
159849,18710,4,4,23,32
159850,18709,1,1,27,35
159851,18709,2,2,26,14
159852,18709,3,3,29,21
159853,18709,4,4,26,18
159854,18708,2,2,32,25
159855,18708,3,3,24,22
159856,18708,4,4,19,25
159857,18713,1,1,38,20
159858,18712,1,1,28,39
159859,18712,2,2,22,25
159860,18712,3,3,38,24
159861,18712,4,4,28,16
159862,18714,1,1,25,31
159863,18713,2,2,31,23
159864,18713,3,3,20,29
159865,18713,4,4,26,24
159866,18714,2,2,25,22
159867,18714,3,3,29,30
159868,18714,4,4,22,33
159869,18715,1,1,31,30
159870,18715,2,2,38,33
159871,18715,3,3,27,35
159872,18715,4,4,30,25
159873,18718,1,1,26,27
159874,18718,2,2,32,32
159875,18718,3,3,29,32
159876,18718,4,4,21,27
159877,18717,1,1,34,17
159878,18717,2,2,34,33
159879,18717,3,3,20,20
159880,18717,4,4,30,25
159881,18716,1,1,28,37
159882,18716,2,2,26,25
159883,18716,3,3,31,36
159884,18716,4,4,26,25
159885,18719,1,1,11,23
159886,18719,2,2,20,31
159887,18719,3,3,27,25
159888,18719,4,4,25,23
159889,18723,1,1,22,21
159890,18723,2,2,38,24
159891,18723,3,3,34,31
159892,18723,4,4,27,39
159893,18721,1,1,33,29
159894,18722,1,1,25,33
159895,18720,1,1,34,27
159896,18722,2,2,27,24
159897,18722,3,3,29,27
159898,18722,4,4,30,36
159899,18720,2,2,31,20
159900,18720,3,3,31,44
159901,18720,4,4,34,39
159902,18721,2,2,24,37
159903,18721,3,3,33,25
159904,18721,4,4,24,31
159905,18724,1,1,25,37
159906,18724,2,2,22,37
159907,18724,3,3,32,34
159908,18724,4,4,24,31
159909,18726,1,1,23,23
159910,18726,2,2,30,36
159911,18726,3,3,32,31
159912,18726,4,4,26,34
159913,18725,1,1,18,26
159914,18725,2,2,26,29
159915,18725,3,3,39,32
159916,18725,4,4,28,19
159917,18720,5,OT,4,15
159918,18727,1,1,26,38
159919,18727,2,2,27,32
159920,18727,3,3,42,25
159921,18727,4,4,26,26
159922,18728,1,1,27,22
159923,18728,2,2,25,39
159924,18728,3,3,30,41
159925,18728,4,4,24,33
159926,18729,1,1,34,28
159927,18729,2,2,33,21
159928,18729,3,3,14,34
159929,18729,4,4,29,17
159930,18727,5,OT,11,11
159931,18727,6,OT2,9,11
159932,18731,1,1,33,34
159933,18730,1,1,28,32
159934,18730,2,2,21,29
159935,18730,3,3,36,29
159936,18730,4,4,28,33
159937,18731,2,2,21,40
159938,18731,3,3,37,48
159939,18731,4,4,26,28
159940,18732,1,1,35,23
159941,18732,2,2,25,28
159942,18732,3,3,28,38
159943,18732,4,4,29,26
159944,18735,1,1,28,27
159945,18736,1,1,40,26
159946,18735,2,2,33,39
159947,18735,3,3,23,31
159948,18735,4,4,36,23
159949,18736,2,2,36,21
159950,18736,3,3,26,26
159951,18736,4,4,29,34
159952,18734,1,1,28,31
159953,18734,2,2,25,39
159954,18734,3,3,35,25
159955,18734,4,4,27,31
159956,18733,1,1,14,15
159957,18733,2,2,29,18
159958,18733,3,3,21,26
159959,18733,4,4,24,31
159960,18737,1,1,29,39
159961,18737,2,2,26,23
159962,18737,3,3,34,32
159963,18737,4,4,25,23
159964,18738,1,1,13,12
159965,18738,2,2,26,26
159966,18738,3,3,24,21
159967,18738,4,4,34,38
159968,18741,1,1,24,29
159969,18740,1,1,33,40
159970,18740,2,2,26,29
159971,18740,3,3,26,19
159972,18740,4,4,27,33
159973,18739,1,1,22,45
159974,18739,2,2,30,30
159975,18739,3,3,21,23
159976,18739,4,4,35,21
159977,18741,2,2,29,31
159978,18741,3,3,32,29
159979,18741,4,4,21,24
159980,18735,5,OT,6,9
159981,18742,1,1,34,26
159982,18744,1,1,30,30
159983,18744,2,2,31,28
159984,18744,3,3,30,30
159985,18744,4,4,29,29
159986,18742,2,2,26,30
159987,18742,3,3,31,32
159988,18742,4,4,31,31
159989,18743,1,1,23,32
159990,18743,2,2,25,20
159991,18743,3,3,30,27
159992,18743,4,4,31,33
159993,18738,5,OT,7,4
159994,18745,1,1,22,20
159995,18745,2,2,43,23
159996,18745,3,3,27,35
159997,18745,4,4,31,37
159998,18746,1,1,29,20
159999,18746,2,2,35,26
160000,18746,3,3,25,19
160001,18746,4,4,35,30
160002,18747,1,1,31,23
160003,18747,2,2,33,33
160004,18747,3,3,31,30
160005,18747,4,4,36,28
160006,18748,1,1,15,32
160007,18748,2,2,17,34
160008,18748,3,3,27,36
160009,18748,4,4,32,20
160010,18750,1,1,25,30
160011,18750,2,2,34,25
160012,18750,3,3,40,29
160013,18750,4,4,27,28
160014,18749,1,1,29,26
160015,18749,2,2,26,28
160016,18749,3,3,27,27
160017,18749,4,4,17,27
160018,18751,1,1,30,26
160019,18751,2,2,27,21
160020,18751,3,3,24,31
160021,18751,4,4,31,30
160022,18754,1,1,27,28
160023,18754,2,2,26,36
160024,18754,3,3,35,21
160025,18754,4,4,20,17
160026,18753,1,1,17,35
160027,18758,1,1,28,31
160028,18753,2,2,25,33
160029,18753,3,3,38,35
160030,18753,4,4,30,24
160031,18758,2,2,20,20
160032,18758,3,3,28,35
160033,18758,4,4,33,35
160034,18752,1,1,51,28
160035,18752,2,2,33,32
160036,18752,3,3,28,27
160037,18752,4,4,26,22
160038,18756,1,1,33,37
160039,18756,2,2,21,31
160040,18756,3,3,25,32
160041,18756,4,4,36,28
160042,18755,1,1,28,26
160043,18755,2,2,30,36
160044,18755,3,3,24,32
160045,18755,4,4,26,27
160046,18759,1,1,30,23
160047,18759,2,2,21,23
160048,18759,3,3,27,27
160049,18759,4,4,26,23
160050,18757,1,1,28,37
160051,18757,2,2,21,33
160052,18757,3,3,33,28
160053,18757,4,4,32,32
160054,18763,1,1,33,30
160055,18763,2,2,35,27
160056,18763,3,3,25,32
160057,18763,4,4,28,27
160058,18761,1,1,15,34
160059,18760,1,1,24,28
160060,18761,2,2,31,29
160061,18761,3,3,35,34
160062,18761,4,4,36,30
160063,18760,2,2,25,25
160064,18760,3,3,40,31
160065,18760,4,4,29,42
160066,18762,1,1,28,29
160067,18762,2,2,34,30
160068,18762,3,3,30,23
160069,18762,4,4,23,19
160070,18764,1,1,37,38
160071,18764,2,2,36,35
160072,18764,3,3,36,36
160073,18764,4,4,27,25
160074,18765,1,1,35,27
160075,18765,2,2,36,27
160076,18765,3,3,29,28
160077,18765,4,4,23,29
160078,18766,1,1,27,34
160079,18766,2,2,26,24
160080,18766,3,3,21,31
160081,18766,4,4,31,28
160082,18767,1,1,27,15
160083,18767,2,2,18,32
160084,18767,3,3,34,26
160085,18767,4,4,32,43
160086,18769,1,1,24,23
160087,18769,2,2,28,43
160088,18769,3,3,38,32
160089,18769,4,4,28,25
160090,18768,1,1,31,30
160091,18768,2,2,35,34
160092,18768,3,3,13,18
160093,18768,4,4,23,19
160094,18771,1,1,34,33
160095,18771,2,2,21,36
160096,18771,3,3,28,27
160097,18771,4,4,26,24
160098,18770,1,1,24,33
160099,18770,2,2,34,29
160100,18770,3,3,19,19
160101,18770,4,4,27,15
160102,18773,1,1,35,26
160103,18773,2,2,22,28
160104,18773,3,3,23,25
160105,18773,4,4,32,19
160106,18772,1,1,25,26
160107,18772,2,2,41,26
160108,18772,3,3,19,35
160109,18772,4,4,27,21
160110,18774,1,1,35,37
160111,18774,2,2,33,19
160112,18774,3,3,32,32
160113,18774,4,4,32,24
160114,18775,1,1,25,28
160115,18775,2,2,25,31
160116,18775,3,3,23,25
160117,18775,4,4,26,23
160118,18776,1,1,22,22
160119,18776,2,2,24,29
160120,18776,3,3,27,27
160121,18776,4,4,38,29
160122,18777,1,1,25,35
160123,18777,2,2,36,37
160124,18777,3,3,31,25
160125,18777,4,4,21,24
160126,18778,1,1,23,29
160127,18778,2,2,25,33
160128,18778,3,3,31,32
160129,18778,4,4,30,28
160130,18779,1,1,31,41
160131,18779,2,2,21,31
160132,18779,3,3,32,35
160133,18779,4,4,27,29
160134,18781,1,1,20,27
160135,18781,2,2,23,38
160136,18781,3,3,32,42
160137,18781,4,4,41,40
160138,18780,1,1,26,31
160139,18780,2,2,30,32
160140,18780,3,3,32,26
160141,18780,4,4,23,23
160142,18782,1,1,34,35
160143,18782,2,2,32,37
160144,18782,3,3,28,24
160145,18782,4,4,26,36
160146,18783,1,1,24,31
160147,18783,2,2,31,24
160148,18783,3,3,29,33
160149,18783,4,4,30,28
160150,18784,1,1,31,26
160151,18784,2,2,28,19
160152,18784,3,3,39,34
160153,18784,4,4,27,34
160154,18786,1,1,33,20
160155,18786,2,2,17,30
160156,18786,3,3,32,23
160157,18786,4,4,27,33
160158,18785,1,1,25,31
160159,18785,2,2,22,38
160160,18785,3,3,31,19
160161,18785,4,4,23,25
160162,18787,1,1,34,31
160163,18787,2,2,30,34
160164,18787,3,3,23,36
160165,18787,4,4,31,34
160166,18788,1,1,29,25
160167,18788,2,2,30,21
160168,18788,3,3,21,41
160169,18788,4,4,17,13
160170,18791,1,1,21,37
160171,18790,1,1,32,35
160172,18791,2,2,20,25
160173,18791,3,3,40,33
160174,18791,4,4,32,24
160175,18790,2,2,26,29
160176,18790,3,3,27,33
160177,18790,4,4,29,28
160178,18789,1,1,39,19
160179,18789,2,2,28,27
160180,18789,3,3,22,36
160181,18789,4,4,25,23
160182,18792,1,1,37,32
160183,18792,2,2,25,44
160184,18792,3,3,35,36
160185,18792,4,4,32,23
160186,18794,1,1,27,31
160187,18794,2,2,35,36
160188,18794,3,3,33,27
160189,18794,4,4,20,41
160190,18793,1,1,28,34
160191,18793,2,2,26,36
160192,18793,3,3,21,30
160193,18793,4,4,22,26
160194,18795,1,1,35,35
160195,18795,2,2,32,22
160196,18795,3,3,34,28
160197,18795,4,4,32,29
160198,18797,1,1,29,31
160199,18797,2,2,31,26
160200,18797,3,3,24,25
160201,18797,4,4,25,16
160202,18798,1,1,29,38
160203,18798,2,2,26,31
160204,18798,3,3,33,28
160205,18798,4,4,26,27
160206,18796,1,1,23,14
160207,18796,2,2,22,31
160208,18796,3,3,28,33
160209,18796,4,4,29,30
160210,18799,1,1,36,22
160211,18799,2,2,23,26
160212,18799,3,3,23,28
160213,18799,4,4,19,25
160214,18800,1,1,27,32
160215,18800,2,2,24,26
160216,18800,3,3,36,33
160217,18800,4,4,32,22
160218,18799,5,OT,7,7
160219,18799,6,OT2,11,7
160220,18803,1,1,19,21
160221,18803,2,2,31,32
160222,18803,3,3,30,23
160223,18803,4,4,32,32
160224,18801,1,1,32,28
160225,18802,1,1,36,27
160226,18801,2,2,27,22
160227,18801,3,3,33,33
160228,18801,4,4,24,27
160229,18802,2,2,19,31
160230,18802,3,3,29,31
160231,18802,4,4,29,22
160232,18804,1,1,33,28
160233,18804,2,2,41,32
160234,18804,3,3,40,29
160235,18804,4,4,30,24
160236,18805,1,1,33,31
160237,18805,2,2,39,27
160238,18805,3,3,19,32
160239,18805,4,4,33,20
160240,18806,1,1,25,35
160241,18806,2,2,24,29
160242,18806,3,3,26,28
160243,18806,4,4,41,29
160244,18807,1,1,27,36
160245,18807,2,2,29,25
160246,18807,3,3,27,27
160247,18807,4,4,25,24
160248,18809,1,1,32,36
160249,18809,2,2,34,33
160250,18809,3,3,26,43
160251,18809,4,4,22,27
160252,18808,1,1,32,34
160253,18808,2,2,25,24
160254,18808,3,3,29,23
160255,18808,4,4,29,22
160256,18810,1,1,20,28
160257,18810,2,2,25,25
160258,18810,3,3,26,24
160259,18810,4,4,24,34
160260,18812,1,1,31,34
160261,18812,2,2,31,32
160262,18812,3,3,33,19
160263,18812,4,4,27,21
160264,18811,1,1,36,28
160265,18811,2,2,32,24
160266,18811,3,3,29,27
160267,18811,4,4,33,33
160268,18813,1,1,34,25
160269,18813,2,2,35,32
160270,18813,3,3,27,22
160271,18813,4,4,18,24
160272,18814,1,1,25,27
160273,18814,2,2,29,22
160274,18814,3,3,26,28
160275,18814,4,4,22,33
160276,18815,1,1,41,24
160277,18815,2,2,25,32
160278,18815,3,3,22,29
160279,18815,4,4,30,32
160280,18816,1,1,30,31
160281,18816,2,2,26,40
160282,18816,3,3,34,35
160283,18816,4,4,29,30
160284,18817,1,1,39,22
160285,18817,2,2,23,33
160286,18817,3,3,28,25
160287,18817,4,4,27,24
160288,18818,1,1,30,31
160289,18818,2,2,33,31
160290,18818,3,3,27,29
160291,18818,4,4,10,30
160292,18819,1,1,20,35
160293,18819,2,2,42,24
160294,18819,3,3,24,33
160295,18819,4,4,32,40
160296,18820,1,1,28,24
160297,18820,2,2,20,26
160298,18820,3,3,27,30
160299,18820,4,4,37,22
160300,18821,1,1,33,32
160301,18821,2,2,30,32
160302,18821,3,3,39,26
160303,18821,4,4,30,29
160304,18822,1,1,25,31
160305,18822,2,2,29,38
160306,18822,3,3,34,25
160307,18822,4,4,28,25
160308,18823,1,1,31,33
160309,18823,2,2,23,28
160310,18823,3,3,41,37
160311,18823,4,4,28,42
160312,18824,1,1,33,32
160313,18824,2,2,24,26
160314,18824,3,3,29,25
160315,18824,4,4,27,29
160316,18825,1,1,35,22
160317,18825,2,2,31,33
160318,18825,3,3,26,31
160319,18825,4,4,38,32
160320,18826,1,1,38,32
160321,18826,2,2,38,33
160322,18826,3,3,22,28
160323,18826,4,4,21,39
160324,18827,1,1,25,24
160325,18827,2,2,25,23
160326,18827,3,3,31,31
160327,18827,4,4,22,35
160328,18829,1,1,35,33
160329,18829,2,2,34,31
160330,18829,3,3,24,29
160331,18829,4,4,34,25
160332,18828,1,1,29,25
160333,18828,2,2,27,34
160334,18828,3,3,25,28
160335,18828,4,4,29,23
160336,18830,1,1,26,38
160337,18830,2,2,24,32
160338,18830,3,3,30,21
160339,18830,4,4,33,30
160340,18831,1,1,27,27
160341,18831,2,2,25,31
160342,18831,3,3,35,37
160343,18831,4,4,39,30
160344,18828,5,OT,13,11
160345,18832,1,1,36,29
160346,18832,2,2,29,39
160347,18832,3,3,23,39
160348,18832,4,4,18,29
160349,18833,1,1,35,37
160350,18833,2,2,26,36
160351,18833,3,3,37,29
160352,18833,4,4,34,38
160353,18834,1,1,34,44
160354,18834,2,2,40,23
160355,18834,3,3,23,38
160356,18834,4,4,25,25
160357,18835,1,1,15,27
160358,18835,2,2,36,24
160359,18835,3,3,17,25
160360,18835,4,4,30,30
160361,18836,1,1,31,34
160362,18836,2,2,36,39
160363,18836,3,3,22,28
160364,18836,4,4,24,21
160365,18837,1,1,34,27
160366,18837,2,2,29,25
160367,18837,3,3,27,37
160368,18837,4,4,30,21
160369,18839,1,1,35,22
160370,18839,2,2,21,26
160371,18839,3,3,32,30
160372,18839,4,4,28,27
160373,18838,1,1,40,37
160374,18838,2,2,25,25
160375,18838,3,3,33,35
160376,18838,4,4,32,25
160377,18843,1,1,30,31
160378,18843,2,2,31,37
160379,18843,3,3,30,21
160380,18843,4,4,23,26
160381,18840,1,1,36,23
160382,18840,2,2,34,28
160383,18840,3,3,28,25
160384,18840,4,4,26,22
160385,18842,1,1,20,36
160386,18842,2,2,24,22
160387,18842,3,3,29,42
160388,18842,4,4,33,26
160389,18841,1,1,36,31
160390,18841,2,2,17,29
160391,18841,3,3,30,24
160392,18841,4,4,39,33
160393,18844,1,1,26,36
160394,18844,2,2,30,32
160395,18844,3,3,25,27
160396,18844,4,4,22,31
160397,18845,1,1,27,30
160398,18845,2,2,33,25
160399,18845,3,3,35,33
160400,18845,4,4,23,34
160401,18846,1,1,28,39
160402,18846,2,2,33,21
160403,18846,3,3,29,22
160404,18846,4,4,26,29
160405,18847,1,1,31,24
160406,18847,2,2,34,32
160407,18847,3,3,28,23
160408,18847,4,4,33,29
160409,18848,1,1,26,25
160410,18848,2,2,29,29
160411,18848,3,3,34,28
160412,18848,4,4,17,24
160413,18849,1,1,37,31
160414,18849,2,2,39,35
160415,18849,3,3,33,35
160416,18849,4,4,17,27
160417,18848,5,OT,12,15
160418,18850,1,1,29,35
160419,18850,2,2,22,30
160420,18850,3,3,23,29
160421,18850,4,4,38,23
160422,18851,1,1,26,14
160423,18851,2,2,31,20
160424,18851,3,3,22,31
160425,18851,4,4,26,30
160426,18852,1,1,30,23
160427,18852,2,2,30,33
160428,18852,3,3,31,32
160429,18852,4,4,19,35
160430,18853,1,1,38,35
160431,18854,1,1,33,28
160432,18853,2,2,33,33
160433,18853,3,3,30,34
160434,18853,4,4,23,37
160435,18854,2,2,31,31
160436,18854,3,3,34,27
160437,18854,4,4,22,28
160438,18855,1,1,19,31
160439,18855,2,2,32,29
160440,18855,3,3,16,32
160441,18855,4,4,23,23
160442,18856,1,1,41,36
160443,18856,2,2,24,36
160444,18856,3,3,33,23
160445,18856,4,4,33,31
160446,18857,1,1,28,37
160447,18857,2,2,25,24
160448,18857,3,3,29,38
160449,18857,4,4,29,35
160450,18858,1,1,28,22
160451,18858,2,2,23,33
160452,18858,3,3,32,28
160453,18858,4,4,34,23
160454,18860,1,1,32,33
160455,18860,2,2,34,26
160456,18860,3,3,22,32
160457,18860,4,4,25,27
160458,18859,1,1,23,26
160459,18859,2,2,30,23
160460,18859,3,3,36,32
160461,18859,4,4,32,41
160462,18861,1,1,26,27
160463,18861,2,2,24,30
160464,18861,3,3,31,28
160465,18861,4,4,25,19
160466,18862,1,1,26,37
160467,18862,2,2,31,33
160468,18862,3,3,34,30
160469,18862,4,4,27,38
160470,18863,1,1,25,31
160471,18863,2,2,24,34
160472,18863,3,3,36,28
160473,18863,4,4,37,25
160474,18864,1,1,26,23
160475,18864,2,2,21,27
160476,18864,3,3,34,36
160477,18864,4,4,21,28
160478,18865,1,1,26,26
160479,18865,2,2,26,24
160480,18865,3,3,32,37
160481,18865,4,4,20,26
160482,18866,1,1,27,29
160483,18866,2,2,30,30
160484,18866,3,3,26,28
160485,18866,4,4,24,25
160486,18867,1,1,27,35
160487,18867,2,2,37,39
160488,18867,3,3,38,22
160489,18867,4,4,27,31
160490,18870,1,1,22,20
160491,18870,2,2,27,34
160492,18870,3,3,30,25
160493,18870,4,4,33,19
160494,18868,1,1,32,23
160495,18868,2,2,15,18
160496,18868,3,3,25,28
160497,18868,4,4,24,31
160498,18869,1,1,22,37
160499,18869,2,2,31,25
160500,18869,3,3,33,24
160501,18869,4,4,30,39
160502,18872,1,1,18,32
160503,18872,2,2,19,30
160504,18872,3,3,35,25
160505,18872,4,4,38,25
160506,18871,1,1,27,18
160507,18871,2,2,25,29
160508,18871,3,3,29,27
160509,18871,4,4,20,25
160510,18873,1,1,28,33
160511,18873,2,2,32,39
160512,18873,3,3,26,18
160513,18873,4,4,34,26
160514,18874,1,1,33,26
160515,18874,2,2,13,45
160516,18874,3,3,40,20
160517,18874,4,4,35,21
160518,18876,1,1,23,30
160519,18876,2,2,31,25
160520,18876,3,3,25,33
160521,18876,4,4,19,25
160522,18875,1,1,49,24
160523,18875,2,2,34,31
160524,18875,3,3,32,37
160525,18875,4,4,35,38
160526,18877,1,1,21,17
160527,18877,2,2,27,40
160528,18877,3,3,30,21
160529,18877,4,4,22,33
160530,18878,1,1,26,31
160531,18878,2,2,30,25
160532,18878,3,3,25,34
160533,18878,4,4,33,29
160534,18879,1,1,24,21
160535,18879,2,2,21,37
160536,18879,3,3,34,31
160537,18879,4,4,23,31
160538,18880,1,1,38,40
160539,18880,2,2,36,34
160540,18880,3,3,27,45
160541,18880,4,4,26,28
160542,18881,1,1,33,47
160543,18881,2,2,28,19
160544,18881,3,3,29,34
160545,18881,4,4,10,33
160546,18882,1,1,33,21
160547,18882,2,2,29,25
160548,18882,3,3,25,34
160549,18882,4,4,23,36
160550,18883,1,1,30,32
160551,18883,2,2,28,18
160552,18883,3,3,24,25
160553,18883,4,4,13,23
160554,18884,1,1,27,34
160555,18884,2,2,24,19
160556,18884,3,3,24,27
160557,18884,4,4,28,25
160558,18885,1,1,28,24
160559,18885,2,2,35,23
160560,18885,3,3,20,27
160561,18885,4,4,16,24
160562,18886,1,1,32,28
160563,18886,2,2,33,32
160564,18886,3,3,34,37
160565,18886,4,4,28,29
160566,18887,1,1,15,36
160567,18887,2,2,32,22
160568,18887,3,3,30,40
160569,18887,4,4,20,30
160570,18888,1,1,37,30
160571,18888,2,2,40,24
160572,18888,3,3,21,28
160573,18888,4,4,35,33
160574,18889,1,1,29,46
160575,18889,2,2,39,27
160576,18889,3,3,23,29
160577,18889,4,4,29,24
160578,18890,1,1,41,41
160579,18890,2,2,24,34
160580,18890,3,3,33,32
160581,18890,4,4,35,30
160582,18893,1,1,27,26
160583,18894,1,1,39,43
160584,18894,2,2,38,34
160585,18894,3,3,32,27
160586,18894,4,4,28,28
160587,18891,1,1,26,34
160588,18891,2,2,20,18
160589,18891,3,3,39,21
160590,18891,4,4,26,29
160591,18893,2,2,26,32
160592,18893,3,3,20,23
160593,18893,4,4,26,26
160594,18892,1,1,25,30
160595,18892,2,2,18,28
160596,18892,3,3,28,23
160597,18892,4,4,37,22
160598,18897,1,1,24,23
160599,18897,2,2,34,27
160600,18897,3,3,26,17
160601,18897,4,4,29,28
160602,18896,1,1,31,19
160603,18896,2,2,33,47
160604,18896,3,3,27,36
160605,18896,4,4,33,32
160606,18895,1,1,22,24
160607,18895,2,2,32,29
160608,18895,3,3,42,37
160609,18895,4,4,24,32
160610,18898,1,1,30,25
160611,18898,2,2,24,28
160612,18898,3,3,28,28
160613,18898,4,4,22,32
160614,18901,1,1,36,32
160615,18901,2,2,19,15
160616,18901,3,3,24,30
160617,18901,4,4,17,34
160618,18900,1,1,30,27
160619,18900,2,2,28,32
160620,18900,3,3,43,31
160621,18900,4,4,29,32
160622,18899,1,1,26,34
160623,18899,2,2,32,26
160624,18899,3,3,33,25
160625,18899,4,4,19,25
160626,18902,1,1,37,25
160627,18902,2,2,37,23
160628,18902,3,3,23,26
160629,18902,4,4,16,21
160630,18899,5,OT,10,7
160631,18903,1,1,32,32
160632,18903,2,2,22,16
160633,18903,3,3,22,21
160634,18903,4,4,23,26
160635,18904,1,1,25,41
160636,18904,2,2,32,37
160637,18904,3,3,24,26
160638,18904,4,4,19,34
160639,18905,1,1,45,30
160640,18905,2,2,40,26
160641,18905,3,3,29,43
160642,18905,4,4,27,32
160643,18906,1,1,31,38
160644,18906,2,2,22,24
160645,18906,3,3,24,25
160646,18906,4,4,23,24
160647,18908,1,1,25,27
160648,18908,2,2,29,20
160649,18908,3,3,24,31
160650,18908,4,4,22,34
160651,18907,1,1,31,26
160652,18907,2,2,28,24
160653,18907,3,3,20,23
160654,18907,4,4,26,37
160655,18909,1,1,36,34
160656,18909,2,2,26,29
160657,18909,3,3,32,35
160658,18909,4,4,23,31
160659,18910,1,1,38,29
160660,18910,2,2,35,29
160661,18910,3,3,26,38
160662,18910,4,4,20,30
160663,18911,1,1,22,28
160664,18911,2,2,27,34
160665,18911,3,3,32,26
160666,18911,4,4,34,34
160667,18913,1,1,25,19
160668,18913,2,2,35,28
160669,18913,3,3,35,34
160670,18913,4,4,33,28
160671,18912,1,1,27,37
160672,18912,2,2,32,20
160673,18912,3,3,24,29
160674,18912,4,4,34,28
160675,18914,1,1,22,28
160676,18914,2,2,36,25
160677,18914,3,3,26,28
160678,18914,4,4,36,32
160679,18916,1,1,21,29
160680,18917,1,1,33,26
160681,18917,2,2,22,22
160682,18917,3,3,32,28
160683,18917,4,4,23,34
160684,18916,2,2,38,28
160685,18916,3,3,22,33
160686,18916,4,4,29,27
160687,18915,1,1,32,30
160688,18915,2,2,27,20
160689,18915,3,3,29,24
160690,18915,4,4,25,29
160691,18918,1,1,27,28
160692,18918,2,2,27,20
160693,18918,3,3,27,33
160694,18918,4,4,24,24
160695,18919,1,1,23,34
160696,18919,2,2,25,32
160697,18919,3,3,28,18
160698,18919,4,4,24,24
160699,18920,1,1,37,14
160700,18920,2,2,26,30
160701,18920,3,3,25,39
160702,18920,4,4,35,22
160703,18917,5,OT,18,8
160704,18918,5,OT,16,20
160705,18921,1,1,28,26
160706,18921,2,2,34,32
160707,18921,3,3,24,33
160708,18921,4,4,31,31
160709,18922,1,1,32,23
160710,18922,2,2,30,27
160711,18922,3,3,17,30
160712,18922,4,4,21,32
160713,18923,1,1,15,31
160714,18923,2,2,19,33
160715,18923,3,3,23,25
160716,18923,4,4,42,33
160717,18924,1,1,19,37
160718,18924,2,2,25,25
160719,18924,3,3,44,44
160720,18924,4,4,22,29
160721,18925,1,1,17,30
160722,18925,2,2,35,32
160723,18925,3,3,42,28
160724,18925,4,4,25,19
160725,18926,1,1,16,29
160726,18926,2,2,30,29
160727,18926,3,3,36,27
160728,18926,4,4,22,36
160729,18930,1,1,30,36
160730,18930,2,2,33,19
160731,18930,3,3,35,32
160732,18930,4,4,29,19
160733,18927,1,1,24,17
160734,18927,2,2,27,36
160735,18927,3,3,27,28
160736,18927,4,4,25,22
160737,18928,1,1,38,20
160738,18928,2,2,25,28
160739,18928,3,3,31,37
160740,18928,4,4,34,35
160741,18929,1,1,27,30
160742,18929,2,2,30,23
160743,18929,3,3,27,30
160744,18929,4,4,21,28
160745,18931,1,1,28,31
160746,18931,2,2,25,31
160747,18931,3,3,31,20
160748,18931,4,4,22,32
160749,18932,1,1,23,31
160750,18932,2,2,37,33
160751,18932,3,3,32,35
160752,18932,4,4,33,30
160753,18927,5,OT,15,8
160754,18933,1,1,24,26
160755,18933,2,2,31,26
160756,18933,3,3,24,27
160757,18933,4,4,21,18
160758,18934,1,1,29,24
160759,18934,2,2,23,29
160760,18934,3,3,34,30
160761,18934,4,4,28,31
160762,18935,1,1,20,32
160763,18936,1,1,27,34
160764,18935,2,2,34,26
160765,18935,3,3,31,26
160766,18935,4,4,23,19
160767,18936,2,2,37,30
160768,18936,3,3,26,33
160769,18936,4,4,25,27
160770,18934,5,OT,15,9
160771,18937,1,1,35,31
160772,18937,2,2,25,26
160773,18937,3,3,24,36
160774,18937,4,4,29,29
160775,18938,1,1,0,0
160776,18940,1,1,26,32
160777,18940,2,2,26,25
160778,18940,3,3,32,33
160779,18940,4,4,38,22
160780,18939,1,1,23,37
160781,18939,2,2,30,19
160782,18939,3,3,25,26
160783,18939,4,4,16,23
160784,18941,1,1,16,46
160785,18941,2,2,29,33
160786,18941,3,3,27,31
160787,18941,4,4,24,29
160788,18944,1,1,30,31
160789,18944,2,2,31,23
160790,18944,3,3,28,30
160791,18944,4,4,30,25
160792,18942,1,1,25,34
160793,18942,2,2,33,33
160794,18942,3,3,28,17
160795,18942,4,4,20,28
160796,18943,1,1,34,32
160797,18943,2,2,37,30
160798,18943,3,3,22,20
160799,18943,4,4,17,28
160800,18945,1,1,25,31
160801,18945,2,2,35,34
160802,18945,3,3,32,31
160803,18945,4,4,36,35
160804,18946,1,1,26,23
160805,18946,2,2,40,24
160806,18946,3,3,36,20
160807,18946,4,4,30,33
160808,18943,5,OT,4,9
160809,18947,1,1,30,35
160810,18947,2,2,24,32
160811,18947,3,3,30,29
160812,18947,4,4,28,15
160813,18949,1,1,22,28
160814,18949,2,2,26,23
160815,18949,3,3,24,26
160816,18949,4,4,32,29
160817,18948,1,1,26,30
160818,18948,2,2,28,37
160819,18948,3,3,33,32
160820,18948,4,4,26,29
160821,18950,1,1,29,31
160822,18950,2,2,20,22
160823,18950,3,3,21,32
160824,18950,4,4,28,29
160825,18951,1,1,22,40
160826,18951,2,2,21,30
160827,18951,3,3,33,25
160828,18951,4,4,30,16
160829,18952,1,1,35,34
160830,18952,2,2,34,36
160831,18952,3,3,22,35
160832,18952,4,4,26,29
160833,18953,1,1,24,15
160834,18953,2,2,32,34
160835,18953,3,3,31,29
160836,18953,4,4,18,28
160837,18954,1,1,30,29
160838,18954,2,2,38,40
160839,18954,3,3,26,23
160840,18954,4,4,18,26
160841,18956,1,1,19,36
160842,18956,2,2,32,33
160843,18956,3,3,39,25
160844,18956,4,4,34,22
160845,18955,1,1,27,28
160846,18955,2,2,21,32
160847,18955,3,3,32,27
160848,18955,4,4,24,20
160849,18957,1,1,24,20
160850,18957,2,2,33,24
160851,18957,3,3,17,29
160852,18957,4,4,32,21
160853,18960,1,1,26,26
160854,18960,2,2,47,35
160855,18960,3,3,33,26
160856,18960,4,4,31,38
160857,18958,1,1,20,21
160858,18959,1,1,27,34
160859,18958,2,2,35,27
160860,18958,3,3,30,24
160861,18958,4,4,32,39
160862,18959,2,2,37,23
160863,18959,3,3,26,18
160864,18959,4,4,37,45
160865,18961,1,1,32,22
160866,18961,2,2,30,28
160867,18961,3,3,29,28
160868,18961,4,4,24,30
160869,18962,1,1,44,25
160870,18962,2,2,29,30
160871,18962,3,3,26,37
160872,18962,4,4,24,33
160873,18965,1,1,32,30
160874,18965,2,2,40,31
160875,18965,3,3,34,42
160876,18965,4,4,20,28
160877,18964,1,1,36,28
160878,18964,2,2,27,28
160879,18964,3,3,33,25
160880,18964,4,4,19,34
160881,18963,1,1,30,27
160882,18963,2,2,28,22
160883,18963,3,3,30,27
160884,18963,4,4,28,24
160885,18968,1,1,19,38
160886,18968,2,2,34,41
160887,18968,3,3,28,44
160888,18968,4,4,40,30
160889,18966,1,1,27,34
160890,18967,1,1,26,34
160891,18967,2,2,36,28
160892,18967,3,3,30,32
160893,18967,4,4,23,29
160894,18966,2,2,43,25
160895,18966,3,3,17,33
160896,18966,4,4,34,37
160897,18969,1,1,23,40
160898,18969,2,2,35,33
160899,18969,3,3,28,29
160900,18969,4,4,27,17
160901,18970,1,1,30,35
160902,18970,2,2,22,35
160903,18970,3,3,34,27
160904,18970,4,4,22,31
160905,18964,5,OT,19,13
160906,18971,1,1,28,37
160907,18971,2,2,34,21
160908,18971,3,3,28,27
160909,18971,4,4,29,28
160910,18972,1,1,27,25
160911,18972,2,2,35,21
160912,18972,3,3,36,38
160913,18972,4,4,24,19
160914,18974,1,1,28,31
160915,18974,2,2,31,31
160916,18974,3,3,19,24
160917,18974,4,4,28,17
160918,18973,1,1,35,24
160919,18973,2,2,18,27
160920,18973,3,3,26,25
160921,18973,4,4,18,32
160922,18975,1,1,26,34
160923,18976,1,1,21,32
160924,18975,2,2,26,36
160925,18975,3,3,24,34
160926,18975,4,4,28,32
160927,18976,2,2,22,31
160928,18976,3,3,28,31
160929,18976,4,4,27,34
160930,18977,1,1,26,25
160931,18977,2,2,34,28
160932,18977,3,3,30,19
160933,18977,4,4,21,27
160934,18978,1,1,37,25
160935,18978,2,2,29,21
160936,18978,3,3,30,26
160937,18978,4,4,18,19
160938,18979,1,1,29,27
160939,18979,2,2,26,26
160940,18979,3,3,36,35
160941,18979,4,4,33,28
160942,18980,1,1,28,39
160943,18980,2,2,31,23
160944,18980,3,3,26,28
160945,18980,4,4,19,38
160946,18981,1,1,31,24
160947,18981,2,2,34,24
160948,18981,3,3,34,40
160949,18981,4,4,41,32
160950,18982,1,1,25,37
160951,18982,2,2,35,25
160952,18982,3,3,29,23
160953,18982,4,4,35,26
160954,18983,1,1,37,31
160955,18983,2,2,16,29
160956,18983,3,3,26,44
160957,18983,4,4,35,37
160958,18984,1,1,30,22
160959,18984,2,2,28,26
160960,18984,3,3,37,23
160961,18984,4,4,32,37
160962,18985,1,1,22,26
160963,18985,2,2,18,22
160964,18985,3,3,26,21
160965,18985,4,4,36,29
160966,18987,1,1,24,25
160967,18987,2,2,33,26
160968,18987,3,3,30,30
160969,18987,4,4,29,31
160970,18986,1,1,35,33
160971,18986,2,2,24,29
160972,18986,3,3,22,29
160973,18986,4,4,26,25
160974,18988,1,1,14,26
160975,18988,2,2,25,23
160976,18988,3,3,36,23
160977,18988,4,4,14,32
160978,18989,1,1,19,49
160979,18989,2,2,29,30
160980,18989,3,3,27,31
160981,18989,4,4,37,36
160982,18990,1,1,36,34
160983,18990,2,2,40,32
160984,18990,3,3,28,33
160985,18990,4,4,29,31
160986,18992,1,1,31,32
160987,18992,2,2,30,29
160988,18992,3,3,15,27
160989,18992,4,4,28,30
160990,18991,1,1,14,32
160991,18991,2,2,26,19
160992,18991,3,3,28,25
160993,18991,4,4,17,37
160994,18995,1,1,24,34
160995,18995,2,2,30,23
160996,18995,3,3,21,31
160997,18995,4,4,23,24
160998,18994,1,1,30,39
160999,18994,2,2,33,21
161000,18994,3,3,20,29
161001,18994,4,4,28,27
161002,18993,1,1,27,30
161003,18993,2,2,28,29
161004,18993,3,3,24,27
161005,18993,4,4,20,20
161006,18996,1,1,30,37
161007,18996,2,2,28,25
161008,18996,3,3,41,35
161009,18996,4,4,31,31
161010,18997,1,1,33,31
161011,18997,2,2,44,36
161012,18997,3,3,40,21
161013,18997,4,4,26,30
161014,18998,1,1,41,25
161015,18998,2,2,19,27
161016,18998,3,3,21,26
161017,18998,4,4,29,26
161018,18999,1,1,27,34
161019,18999,2,2,40,29
161020,18999,3,3,28,32
161021,18999,4,4,27,30
